# Blender v2.79 (sub 0) OBJ File: 'platform.blend'
# www.blender.org
mtllib platform.mtl
o Cube
v -0.310713 -0.310714 -3.070006
v -2.344516 -0.400838 -3.094515
v -4.344151 -0.484938 -3.072094
v -6.151163 -0.550353 -2.989721
v -0.227226 1.598804 -3.011591
v -0.153314 3.343765 -2.916612
v -0.091911 4.883897 -2.782411
v 1.598805 -0.227228 -3.011591
v 3.343765 -0.153316 -2.916611
v 4.883897 -0.091914 -2.782411
v -0.400838 -2.344517 -3.094515
v -0.484939 -4.344151 -3.072094
v -0.550355 -6.151164 -2.989721
v -2.494383 -2.494384 -3.131351
v -4.570232 -2.601821 -3.119699
v -6.450355 -2.671887 -3.044369
v -2.601822 -4.570233 -3.119699
v -4.702950 -4.702950 -3.118335
v -6.578594 -4.744730 -3.051612
v -2.671889 -6.450355 -3.044369
v -4.744732 -6.578594 -3.051612
v -6.500051 -6.500051 -2.995110
v -2.147161 1.532373 -3.024375
v -1.938572 3.275345 -2.919118
v -1.755003 4.798177 -2.776928
v -4.022273 1.437969 -2.991907
v -3.667544 3.141022 -2.880055
v -3.342911 4.598343 -2.737457
v -5.716848 1.351039 -2.904005
v -5.222619 2.994372 -2.793756
v -4.743685 4.341725 -2.665505
v 1.601818 1.601816 -2.963732
v 3.292707 1.570617 -2.878201
v 4.798177 1.534414 -2.752399
v 1.570619 3.292706 -2.878201
v 3.174185 3.174183 -2.802979
v 4.598344 3.040214 -2.690033
v 1.534417 4.798176 -2.752399
v 3.040216 4.598342 -2.690033
v 4.341725 4.341722 -2.598457
v 1.532372 -2.147162 -3.024375
v 1.437968 -4.022274 -2.991907
v 1.351038 -5.716849 -2.904006
v 3.275345 -1.938574 -2.919118
v 3.141022 -3.667546 -2.880055
v 2.994370 -5.222621 -2.793756
v 4.798176 -1.755006 -2.776928
v 4.598343 -3.342913 -2.737457
v 4.341723 -4.743687 -2.665505
v 8.979669 -0.117267 0.127327
v 9.282369 -0.079617 0.106357
v 9.458593 -0.073057 0.052599
v 9.535422 -0.081773 -0.051908
v 8.813122 1.965774 0.095753
v 8.481926 3.905291 0.079966
v 7.896503 5.604663 0.074704
v 8.523411 -0.201824 0.133469
v 7.891503 -0.307399 0.129497
v 7.061856 -0.408101 0.120124
v 9.071144 -2.247215 0.179950
v 9.109076 -4.286163 0.304578
v 9.114986 -6.096206 0.552166
v 9.360312 -2.251626 0.163306
v 9.522017 -2.273969 0.109679
v 9.580374 -2.291781 0.001620
v 9.383669 -4.320650 0.293088
v 9.514252 -4.376858 0.238490
v 9.510512 -4.431143 0.122232
v 9.377990 -6.151855 0.545756
v 9.456563 -6.254480 0.487931
v 9.323380 -6.396505 0.355601
v 9.124290 2.060547 0.072187
v 8.792730 4.063445 0.055102
v 8.194336 5.823655 0.049408
v 9.302708 2.098633 0.018351
v 8.962894 4.133826 0.001227
v 8.347691 5.925249 -0.004481
v 9.378116 2.095526 -0.084025
v 9.023891 4.135644 -0.100083
v 8.388191 5.934109 -0.105436
v 8.339452 1.798818 0.107317
v 7.689531 1.603405 0.110281
v 6.849611 1.423264 0.108049
v 7.999009 3.640154 0.094240
v 7.348034 3.330246 0.100673
v 6.533056 3.037777 0.102012
v 7.422567 5.243608 0.089881
v 6.809128 4.812120 0.097470
v 6.092785 4.381829 0.100000
v 8.630405 -2.283195 0.177057
v 8.680780 -4.297042 0.291509
v 8.694879 -6.095110 0.530253
v 8.011842 -2.341161 0.161524
v 8.071231 -4.335632 0.263140
v 8.090353 -6.128561 0.491124
v 7.189202 -2.402706 0.140247
v 7.252876 -4.384281 0.228730
v 7.274100 -6.176554 0.445883
v -9.542321 -0.391431 -1.517343
v -9.783152 -2.656571 -1.533403
v -9.915630 -5.039141 -1.546555
v -9.975874 -7.499997 -1.557769
v -9.657380 -0.316285 -1.096335
v -9.749074 -0.244611 -0.624142
v -9.820857 -0.179556 -0.069848
v -9.157022 1.717134 -1.497407
v -8.583881 3.624087 -1.477800
v -7.779521 5.284385 -1.462727
v -9.400440 -0.466901 -1.918084
v -9.111062 -0.531612 -2.282123
v -8.553507 -0.574479 -2.593031
v -9.692621 -2.686759 -1.943492
v -9.862839 -5.046688 -1.961465
v -9.951747 -7.499997 -1.974481
v -9.445964 -2.710231 -2.319685
v -9.634013 -5.013209 -2.341944
v -9.701759 -7.352262 -2.350177
v -8.911293 -2.720140 -2.641930
v -9.071241 -4.897648 -2.662147
v -9.009703 -6.909057 -2.647939
v -9.849442 -2.626512 -1.109470
v -9.896252 -2.597842 -0.638331
v -9.928343 -2.571819 -0.086624
v -9.950298 -5.031625 -1.123062
v -9.971048 -5.024457 -0.655268
v -9.982088 -5.017951 -0.107454
v -9.990352 -7.499996 -1.136960
v -9.997589 -7.499996 -0.674037
v -10.000004 -7.499995 -0.130984
v -9.343714 1.867426 -1.083811
v -8.845204 3.860584 -1.074458
v -8.098617 5.599150 -1.070834
v -9.505386 2.010775 -0.613618
v -9.087920 4.091432 -0.610004
v -8.419408 5.920476 -0.616544
v -9.641714 2.140883 -0.058474
v -9.312994 4.314469 -0.059413
v -8.756781 6.266170 -0.079572
v -8.945642 1.566195 -1.882760
v -8.602752 1.434362 -2.227984
v -8.021535 1.341389 -2.521190
v -8.302985 3.384098 -1.845056
v -7.919780 3.165196 -2.168162
v -7.351524 2.991960 -2.439054
v -7.447234 4.958373 -1.812504
v -7.060890 4.638393 -2.113555
v -6.579621 4.341726 -2.359268
v -0.020440 8.923105 -1.503966
v -1.882047 8.803617 -1.492447
v -3.670295 8.396302 -1.476909
v -5.303647 7.684861 -1.463006
v -0.040883 9.209061 -1.152503
v -0.063369 9.395013 -0.803494
v -0.081767 9.499220 -0.485010
v 1.832989 8.771074 -1.505809
v 3.600171 8.335285 -1.501980
v 5.203032 7.603506 -1.496480
v -0.008175 8.518895 -1.829809
v -0.006638 7.954648 -2.125304
v -0.018381 7.188584 -2.385721
v -1.756290 8.386029 -1.820134
v -3.440964 7.968981 -1.805009
v -4.995488 7.262313 -1.792992
v -1.657030 7.820791 -2.115009
v -3.246481 7.422702 -2.095493
v -4.711395 6.767113 -2.078015
v -1.607944 7.063802 -2.374489
v -3.122322 6.717484 -2.347187
v -4.478978 6.177663 -2.315114
v -2.010624 9.117650 -1.134535
v -2.128953 9.340237 -0.776283
v -2.223967 9.483481 -0.447582
v -3.898994 8.744645 -1.112367
v -4.114918 9.024549 -0.737201
v -4.305920 9.246557 -0.377230
v -5.608267 8.056354 -1.091017
v -5.916293 8.401078 -0.685769
v -6.234670 8.743320 -0.256004
v 1.912505 9.052567 -1.161258
v 3.766094 8.622613 -1.163735
v 5.436443 7.893644 -1.162871
v 1.976866 9.235752 -0.819314
v 3.902970 8.820847 -0.826749
v 5.626163 8.108684 -0.828805
v 2.027723 9.338896 -0.507468
v 4.010431 8.944275 -0.518696
v 5.772284 8.257123 -0.522439
v 1.736669 8.373013 -1.825478
v 1.641098 7.817536 -2.115119
v 1.563829 7.063801 -2.369583
v 3.405564 7.944574 -1.813811
v 3.211592 7.416598 -2.093503
v 3.047570 6.717483 -2.335331
v 4.925832 7.229769 -1.801476
v 4.630258 6.758975 -2.069506
v 4.341726 6.177660 -2.292220
v 8.923107 -0.020445 -1.503966
v 8.771075 1.832985 -1.505809
v 8.335288 3.600166 -1.501980
v 7.603508 5.203028 -1.496480
v 9.209060 -0.040888 -1.152504
v 9.395013 -0.063375 -0.803494
v 9.499220 -0.081773 -0.485010
v 8.803617 -1.882052 -1.492448
v 8.396301 -3.670299 -1.476909
v 7.684859 -5.303651 -1.463006
v 8.518895 -0.008179 -1.829809
v 7.954648 -0.006642 -2.125303
v 7.188585 -0.018384 -2.385721
v 8.373013 1.736665 -1.825478
v 7.944575 3.405560 -1.813811
v 7.229772 4.925828 -1.801476
v 7.817538 1.641094 -2.115119
v 7.416601 3.211588 -2.093503
v 6.758977 4.630255 -2.069506
v 7.063803 1.563826 -2.369583
v 6.717485 3.047567 -2.335331
v 6.177663 4.341722 -2.292220
v 9.052567 1.912500 -1.161258
v 9.235754 1.976860 -0.819314
v 9.338898 2.027718 -0.507468
v 8.622616 3.766090 -1.163735
v 8.820848 3.902965 -0.826749
v 8.944278 4.010427 -0.518696
v 7.893648 5.436440 -1.162871
v 8.108688 5.626158 -0.828805
v 8.257126 5.772279 -0.522439
v 9.117649 -2.010629 -1.134535
v 8.744642 -3.898999 -1.112367
v 8.056351 -5.608272 -1.091017
v 9.340235 -2.128959 -0.776283
v 9.024548 -4.114923 -0.737201
v 8.401075 -5.916297 -0.685769
v 9.483480 -2.223973 -0.447582
v 9.246554 -4.305925 -0.377230
v 8.743317 -6.234675 -0.256004
v 8.386029 -1.756294 -1.820134
v 7.820790 -1.657034 -2.115009
v 7.063801 -1.607947 -2.374489
v 7.968980 -3.440969 -1.805009
v 7.422700 -3.246484 -2.095493
v 6.717484 -3.122325 -2.347187
v 7.262311 -4.995492 -1.792992
v 6.767111 -4.711399 -2.078015
v 6.177661 -4.478981 -2.315114
v -0.391436 -9.542321 -1.517343
v -2.656576 -9.783150 -1.533403
v -5.039146 -9.915627 -1.546555
v -7.500002 -9.975871 -1.557769
v -0.466905 -9.400440 -1.918084
v -0.531615 -9.111062 -2.282123
v -0.574482 -8.553507 -2.593031
v 1.717130 -9.157023 -1.497407
v 3.624083 -8.583883 -1.477800
v 5.284381 -7.779524 -1.462727
v -0.316291 -9.657381 -1.096335
v -0.244617 -9.749073 -0.624142
v -0.179563 -9.820856 -0.069848
v -2.626518 -9.849440 -1.109470
v -5.031631 -9.950295 -1.123062
v -7.500003 -9.990347 -1.136960
v -2.597848 -9.896250 -0.638331
v -5.024465 -9.971045 -0.655268
v -7.500004 -9.997583 -0.674037
v -2.571827 -9.928340 -0.086624
v -5.017960 -9.982082 -0.107454
v -7.500004 -9.999996 -0.130984
v -2.686763 -9.692620 -1.943492
v -2.710234 -9.445964 -2.319685
v -2.720143 -8.911293 -2.641930
v -5.046692 -9.862837 -1.961465
v -5.013213 -9.634012 -2.341944
v -4.897650 -9.071240 -2.662147
v -7.500002 -9.951745 -1.974481
v -7.352266 -9.701757 -2.350177
v -6.909060 -9.009701 -2.647939
v 1.566191 -8.945642 -1.882760
v 3.384094 -8.302988 -1.845056
v 4.958370 -7.447237 -1.812504
v 1.434359 -8.602753 -2.227984
v 3.165193 -7.919782 -2.168162
v 4.638391 -7.060893 -2.113555
v 1.341387 -8.021536 -2.521190
v 2.991958 -7.351526 -2.439054
v 4.341723 -6.579624 -2.359268
v 1.867421 -9.343715 -1.083811
v 2.010768 -9.505387 -0.613618
v 2.140877 -9.641715 -0.058474
v 3.860579 -8.845206 -1.074458
v 4.091425 -9.087924 -0.610004
v 4.314462 -9.312998 -0.059413
v 5.599146 -8.098620 -1.070834
v 5.920471 -8.419413 -0.616544
v 6.266164 -8.756785 -0.079572
v -0.377740 -0.377739 0.100000
v -0.350860 -2.409776 0.100000
v -0.337420 -4.555135 0.100000
v -0.332941 -6.776042 0.100000
v 1.503202 -0.422541 0.100000
v 3.210339 -0.466620 0.101006
v 4.720965 -0.491335 0.104025
v -0.422540 1.503202 0.100000
v -0.466618 3.210340 0.101006
v -0.491332 4.720966 0.104025
v -2.409777 -0.350857 0.100000
v -4.555136 -0.337416 0.100000
v -6.776044 -0.332935 0.100000
v -2.396141 -2.396139 0.100000
v -2.389324 -4.546678 0.100000
v -2.387052 -6.767390 0.100000
v -4.546681 -2.389320 0.100000
v -4.524845 -4.524841 0.100000
v -4.470612 -6.692629 0.100000
v -6.767392 -2.387046 0.100000
v -6.692634 -4.470605 0.100000
v -6.479892 -6.479885 0.100000
v 1.554078 -2.432504 0.100000
v 3.289613 -2.453742 0.102012
v 4.826684 -2.462909 0.108049
v 1.579516 -4.569231 0.100000
v 3.329249 -4.563393 0.111412
v 4.879543 -4.512052 0.145650
v 1.587994 -6.790465 0.100000
v 3.342460 -6.731451 0.137198
v 4.897162 -6.519794 0.248793
v 1.418407 1.418407 0.100000
v 1.333856 3.078216 0.100402
v 1.283708 4.544767 0.101610
v 3.078217 1.333854 0.100402
v 2.938602 2.938600 0.100201
v 2.836852 4.338539 0.100402
v 4.544768 1.283705 0.101610
v 4.338541 2.836848 0.100402
v 4.142735 4.142733 0.100000
v -2.432503 1.554080 0.100000
v -4.569230 1.579520 0.100000
v -6.790464 1.588000 0.100000
v -2.453740 3.289615 0.102012
v -4.563390 3.329253 0.111412
v -6.731448 3.342465 0.137198
v -2.462906 4.826686 0.108049
v -4.512048 4.879547 0.145650
v -6.519791 4.897167 0.248793
v -8.979690 -0.304139 4.160192
v -8.982259 -0.290964 3.210253
v -8.994419 -0.295253 2.204506
v -9.012975 -0.311183 1.161554
v -9.042408 1.532644 4.140035
v -9.090041 3.214152 4.118868
v -9.129519 4.706769 4.103745
v -8.989908 -0.340597 5.035721
v -9.013359 -0.386123 5.823709
v -9.050488 -0.426497 6.511024
v -8.894957 -2.262579 4.172287
v -8.667266 -4.185814 4.178335
v -8.175670 -5.916982 4.180350
v -8.910993 -2.276355 3.215091
v -8.940762 -2.304994 2.205716
v -8.979687 -2.343542 1.161554
v -8.698438 -4.220027 3.217510
v -8.747739 -4.270848 2.206320
v -8.809126 -4.332742 1.161554
v -8.219679 -5.963874 3.218316
v -8.285186 -6.030824 2.206522
v -8.365026 -6.111145 1.161554
v -9.037153 1.578039 3.202190
v -9.079043 3.294186 3.195333
v -9.111293 4.821009 3.194113
v -9.038877 1.596386 2.202490
v -9.055372 3.333115 2.211686
v -9.025138 4.878128 2.244109
v -9.045253 1.596701 1.161554
v -8.999973 3.344641 1.198753
v -8.800586 4.897168 1.310348
v -9.056964 1.451186 4.995406
v -9.081994 1.360375 5.758629
v -9.118670 1.286923 6.420027
v -9.107417 3.079314 4.951462
v -9.132529 2.925472 5.684128
v -9.166738 2.788429 6.307875
v -9.150282 4.516370 4.916386
v -9.174641 4.282215 5.616816
v -9.203650 4.036708 6.189809
v -8.897234 -2.268622 5.059910
v -8.660265 -4.173747 5.072005
v -8.160328 -5.896832 5.076036
v -8.916949 -2.287072 5.862757
v -8.675049 -4.179200 5.882281
v -8.169941 -5.899234 5.888789
v -8.953230 -2.310518 6.565622
v -8.709225 -4.197549 6.592921
v -8.200800 -5.919999 6.602021
v -0.117261 8.979669 0.127327
v -0.079610 9.282369 0.106357
v -0.073050 9.458593 0.052599
v -0.081767 9.535422 -0.051908
v -2.247209 9.071146 0.179950
v -4.286158 9.109078 0.304578
v -6.096200 9.114991 0.552166
v -0.201818 8.523411 0.133469
v -0.307393 7.891505 0.129497
v -0.408096 7.061856 0.120124
v 1.965780 8.813120 0.095753
v 3.905296 8.481923 0.079966
v 5.604668 7.896500 0.074704
v 2.060554 9.124290 0.072187
v 2.098639 9.302706 0.018351
v 2.095532 9.378115 -0.084025
v 4.063451 8.792727 0.055102
v 4.133832 8.962892 0.001227
v 4.135651 9.023890 -0.100083
v 5.823661 8.194333 0.049408
v 5.925255 8.347687 -0.004481
v 5.934114 8.388187 -0.105436
v -2.251620 9.360313 0.163306
v -4.320644 9.383672 0.293088
v -6.151849 9.377994 0.545756
v -2.273962 9.522019 0.109679
v -4.376852 9.514254 0.238490
v -6.254475 9.456567 0.487931
v -2.291775 9.580376 0.001620
v -4.431137 9.510515 0.122232
v -6.396499 9.323383 0.355601
v -2.283190 8.630407 0.177057
v -2.341156 8.011845 0.161524
v -2.402701 7.189204 0.140247
v -4.297036 8.680783 0.291509
v -4.335627 8.071234 0.263140
v -4.384276 7.252879 0.228730
v -6.095104 8.694882 0.530253
v -6.128556 8.090358 0.491124
v -6.176549 7.274104 0.445883
v 1.798823 8.339451 0.107317
v 3.640159 7.999007 0.094240
v 5.243613 7.422564 0.089881
v 1.603410 7.689529 0.110281
v 3.330251 7.348033 0.100673
v 4.812125 6.809125 0.097470
v 1.423268 6.849609 0.108049
v 3.037782 6.533055 0.102012
v 4.381834 6.092782 0.100000
v -0.123884 -9.964165 4.181697
v -0.072551 -9.962835 3.253262
v -0.061612 -9.947508 2.311455
v -0.081907 -9.918512 1.408710
v 2.247429 -9.947559 4.164383
v 4.459290 -9.920619 4.143860
v 6.401798 -9.879644 4.126332
v -0.224769 -9.951159 5.044323
v -0.345286 -9.922594 5.825859
v -0.455514 -9.877235 6.511024
v -2.544749 -9.974126 4.189597
v -4.988100 -9.964430 4.190510
v -7.426872 -9.922056 4.186863
v -2.527100 -9.980517 3.249712
v -2.524166 -9.977847 2.299662
v -2.532765 -9.967402 1.391934
v -4.988718 -9.974664 3.241863
v -4.992338 -9.980152 2.284307
v -5.000841 -9.984494 1.371222
v -7.435457 -9.933526 3.231342
v -7.447104 -9.946613 2.266821
v -7.470592 -9.970584 1.348042
v 2.352978 -9.933366 3.250886
v 4.628403 -9.889817 3.246304
v 6.632638 -9.829899 3.243235
v 2.376298 -9.896940 2.318254
v 4.672017 -9.816387 2.321029
v 6.707996 -9.696091 2.320752
v 2.336189 -9.837027 1.420084
v 4.625371 -9.686847 1.421261
v 6.689486 -9.431872 1.407451
v 2.040852 -9.940779 5.005145
v 1.790313 -9.914783 5.761064
v 1.552880 -9.871329 6.420027
v 4.129439 -9.922275 4.960472
v 3.723624 -9.899989 5.685147
v 3.326614 -9.858967 6.306888
v 5.953867 -9.891671 4.921475
v 5.390471 -9.875269 5.613155
v 4.813235 -9.839725 6.185863
v -2.580295 -9.957388 5.066835
v -4.988602 -9.945851 5.076876
v -7.412563 -9.902941 5.078642
v -2.618997 -9.926361 5.864488
v -4.964553 -9.895357 5.883499
v -7.315683 -9.798850 5.889441
v -2.646112 -9.877109 6.565622
v -4.890279 -9.789372 6.592921
v -7.059381 -9.532453 6.602021
v -0.384806 -9.430884 8.106350
v -0.427011 -9.533444 8.042307
v -0.483234 -9.635661 7.850465
v -0.525424 -9.731234 7.531112
v 1.484348 -9.477002 7.952001
v 3.176632 -9.500361 7.721053
v 4.669101 -9.508950 7.398648
v -0.384666 -9.334280 8.042307
v -0.407679 -9.245786 7.850464
v -0.434931 -9.167555 7.531112
v -2.407881 -9.354020 8.198960
v -4.413210 -9.120912 8.245265
v -6.229128 -8.606058 8.260700
v -2.470242 -9.472828 8.133534
v -2.542104 -9.594045 7.937373
v -2.606608 -9.708167 7.610590
v -4.504146 -9.254801 8.179148
v -4.603724 -9.394360 7.980826
v -4.698508 -9.526786 7.650330
v -6.348595 -8.748599 8.194352
v -6.477555 -8.899672 7.995311
v -6.601672 -9.043979 7.663576
v 1.445416 -9.567422 7.890261
v 3.136113 -9.582769 7.662884
v 4.634154 -9.587493 7.345663
v 1.382344 -9.656145 7.705618
v 3.049709 -9.662723 7.491958
v 4.513942 -9.662622 7.198608
v 1.345591 -9.739092 7.398648
v 2.986148 -9.737057 7.211854
v 4.375955 -9.730443 6.969388
v 1.448680 -9.388964 7.890261
v 1.374759 -9.306211 7.705618
v 1.298928 -9.231644 7.398647
v 3.102540 -9.418671 7.662884
v 2.965071 -9.341190 7.491958
v 2.815461 -9.271416 7.211854
v 4.551293 -9.430887 7.345662
v 4.334205 -9.357761 7.198607
v 4.071312 -9.294026 6.969388
v -2.371878 -9.247128 8.133534
v -4.344353 -9.005489 8.179148
v -6.133492 -8.487348 8.194353
v -2.353187 -9.152876 7.937372
v -4.292967 -8.907572 7.980826
v -6.058224 -8.389967 7.995312
v -2.342762 -9.071991 7.610590
v -4.254445 -8.826198 7.650329
v -5.999861 -8.311415 7.663575
v -9.430885 -0.384798 8.106351
v -9.533446 -0.427003 8.042307
v -9.635663 -0.483226 7.850464
v -9.731236 -0.525416 7.531112
v -9.354023 -2.407873 8.198960
v -9.120916 -4.413202 8.245265
v -8.606065 -6.229120 8.260700
v -9.334282 -0.384658 8.042307
v -9.245788 -0.407671 7.850465
v -9.167556 -0.434924 7.531112
v -9.477002 1.484355 7.952001
v -9.500360 3.176640 7.721053
v -9.508947 4.669108 7.398648
v -9.567423 1.445423 7.890261
v -9.656146 1.382352 7.705618
v -9.739092 1.345599 7.398647
v -9.582768 3.136120 7.662884
v -9.662723 3.049717 7.491958
v -9.737055 2.986155 7.211854
v -9.587490 4.634161 7.345662
v -9.662621 4.513949 7.198607
v -9.730442 4.375962 6.969388
v -9.472831 -2.470234 8.133534
v -9.254807 -4.504138 8.179148
v -8.748605 -6.348587 8.194353
v -9.594049 -2.542095 7.937372
v -9.394365 -4.603715 7.980826
v -8.899678 -6.477546 7.995312
v -9.708171 -2.606599 7.610590
v -9.526791 -4.698499 7.650329
v -9.043985 -6.601663 7.663575
v -9.247130 -2.371870 8.133534
v -9.152879 -2.353179 7.937373
v -9.071994 -2.342754 7.610590
v -9.005494 -4.344345 8.179148
v -8.907577 -4.292960 7.980826
v -8.826202 -4.254437 7.650330
v -8.487354 -6.133484 8.194352
v -8.389973 -6.058216 7.995311
v -8.311420 -5.999854 7.663576
v -9.388964 1.448688 7.890261
v -9.418670 3.102547 7.662884
v -9.430885 4.551300 7.345663
v -9.306211 1.374766 7.705618
v -9.341188 2.965078 7.491958
v -9.357759 4.334212 7.198608
v -9.231644 1.298935 7.398648
v -9.271414 2.815467 7.211854
v -9.294024 4.071320 6.969388
v -9.410570 8.750798 4.188705
v -9.298974 8.982212 3.299531
v -9.026278 9.089180 2.419321
v -8.477943 9.116858 1.620044
v -9.510096 8.995029 4.181016
v -9.618370 9.001305 4.160366
v -9.725337 8.685893 4.136211
v -9.475604 8.349777 5.014874
v -9.506019 7.760123 5.763496
v -9.513754 6.962811 6.420026
v -9.329849 8.352343 4.173979
v -9.264660 7.774187 4.147477
v -9.211725 6.990857 4.119843
v -9.232502 8.563026 3.282978
v -8.979096 8.664873 2.398094
v -8.450890 8.695630 1.594338
v -9.189185 7.965179 3.255778
v -8.962923 8.059802 2.364437
v -8.460787 8.090546 1.553311
v -9.160336 7.160806 3.226311
v -8.963135 7.245781 2.327190
v -8.488110 7.274106 1.507438
v -9.397290 9.250605 3.297053
v -9.514252 9.277562 3.282542
v -9.636661 8.972442 3.262992
v -9.119093 9.360912 2.419278
v -9.245965 9.389715 2.400063
v -9.395321 9.085235 2.363775
v -8.561474 9.381727 1.619958
v -8.701707 9.405828 1.582618
v -8.898870 9.104746 1.496561
v -9.571541 8.538409 4.998898
v -9.595813 7.877378 5.737502
v -9.597104 7.008571 6.383628
v -9.670128 8.492884 4.963850
v -9.684743 7.775535 5.680491
v -9.677441 6.872497 6.297788
v -9.763800 8.145114 4.925426
v -9.766865 7.414589 5.614143
v -9.749348 6.558805 6.185863
v -9.389882 7.995071 4.996083
v -9.314432 7.454333 4.959681
v -9.249310 6.707609 4.922825
v -9.421301 7.463770 5.736797
v -9.343843 6.981459 5.680682
v -9.275829 6.306326 5.618425
v -9.432807 6.731002 6.383628
v -9.358238 6.331402 6.298775
v -9.294024 5.782271 6.189809
v -9.964167 -0.123875 4.181697
v -9.962837 -0.072543 3.253262
v -9.947509 -0.061604 2.311455
v -9.918513 -0.081899 1.408710
v -9.974131 -2.544740 4.189598
v -9.964436 -4.988091 4.190510
v -9.922065 -7.426863 4.186863
v -9.951161 -0.224760 5.044323
v -9.922595 -0.345277 5.825859
v -9.877237 -0.455506 6.511024
v -9.947560 2.247437 4.164383
v -9.920617 4.459296 4.143860
v -9.879641 6.401805 4.126332
v -9.933366 2.352986 3.250886
v -9.896939 2.376306 2.318254
v -9.837026 2.336197 1.420084
v -9.889814 4.628410 3.246304
v -9.816384 4.672024 2.321029
v -9.686844 4.625378 1.421262
v -9.829895 6.632644 3.243235
v -9.696087 6.708002 2.320752
v -9.431869 6.689492 1.407451
v -9.980521 -2.527091 3.249712
v -9.974669 -4.988709 3.241863
v -9.933534 -7.435448 3.231342
v -9.977851 -2.524158 2.299662
v -9.980158 -4.992329 2.284307
v -9.946621 -7.447094 2.266821
v -9.967407 -2.532756 1.391934
v -9.984501 -5.000832 1.371222
v -9.970592 -7.470583 1.348042
v -9.957392 -2.580287 5.066835
v -9.926365 -2.618989 5.864488
v -9.877112 -2.646103 6.565622
v -9.945858 -4.988594 5.076876
v -9.895363 -4.964544 5.883499
v -9.789379 -4.890270 6.592921
v -9.902949 -7.412555 5.078642
v -9.798859 -7.315674 5.889441
v -9.532460 -7.059371 6.602022
v -9.940780 2.040860 5.005146
v -9.922274 4.129447 4.960472
v -9.891668 5.953874 4.921475
v -9.914783 1.790321 5.761064
v -9.899987 3.723631 5.685147
v -9.875266 5.390478 5.613155
v -9.871330 1.552888 6.420028
v -9.858967 3.326622 6.306888
v -9.839723 4.813243 6.185863
v 8.750792 -9.410575 4.188705
v 8.982206 -9.298981 3.299531
v 9.089173 -9.026284 2.419321
v 9.116852 -8.477950 1.620044
v 8.352336 -9.329855 4.173979
v 7.774181 -9.264666 4.147477
v 6.990850 -9.211730 4.119843
v 8.349771 -9.475609 5.014874
v 7.760117 -9.506023 5.763495
v 6.962804 -9.513758 6.420026
v 8.995023 -9.510100 4.181016
v 9.001298 -9.618376 4.160366
v 8.685886 -9.725342 4.136210
v 9.250599 -9.397296 3.297053
v 9.360906 -9.119100 2.419278
v 9.381722 -8.561481 1.619958
v 9.277555 -9.514256 3.282542
v 9.389709 -9.245972 2.400063
v 9.405822 -8.701714 1.582618
v 8.972436 -9.636665 3.262992
v 9.085228 -9.395327 2.363775
v 9.104740 -8.898875 1.496561
v 8.563021 -9.232508 3.282978
v 7.965174 -9.189191 3.255778
v 7.160800 -9.160341 3.226311
v 8.664866 -8.979101 2.398094
v 8.059796 -8.962928 2.364437
v 7.245774 -8.963140 2.327190
v 8.695624 -8.450895 1.594337
v 8.090539 -8.460792 1.553311
v 7.274099 -8.488113 1.507438
v 7.995064 -9.389888 4.996083
v 7.463764 -9.421306 5.736797
v 6.730996 -9.432811 6.383628
v 7.454328 -9.314437 4.959681
v 6.981453 -9.343848 5.680682
v 6.331396 -9.358243 6.298775
v 6.707603 -9.249315 4.922825
v 6.306319 -9.275835 5.618425
v 5.782265 -9.294027 6.189809
v 8.538403 -9.571546 4.998898
v 8.492876 -9.670132 4.963850
v 8.145106 -9.763804 4.925426
v 7.877371 -9.595819 5.737502
v 7.775527 -9.684748 5.680491
v 7.414582 -9.766869 5.614143
v 7.008563 -9.597108 6.383628
v 6.872489 -9.677444 6.297788
v 6.558799 -9.749351 6.185863
v -0.304146 -8.979688 4.160192
v -0.290971 -8.982258 3.210253
v -0.295260 -8.994418 2.204506
v -0.311190 -9.012973 1.161554
v -2.262587 -8.894955 4.172287
v -4.185822 -8.667261 4.178334
v -5.916990 -8.175664 4.180350
v -0.340605 -8.989906 5.035722
v -0.386130 -9.013358 5.823709
v -0.426505 -9.050486 6.511024
v 1.532637 -9.042407 4.140035
v 3.214146 -9.090042 4.118867
v 4.706762 -9.129522 4.103745
v 1.578032 -9.037153 3.202190
v 1.596379 -9.038877 2.202491
v 1.596694 -9.045253 1.161554
v 3.294179 -9.079045 3.195333
v 3.333108 -9.055372 2.211686
v 3.344635 -8.999974 1.198753
v 4.821002 -9.111296 3.194113
v 4.878122 -9.025141 2.244109
v 4.897162 -8.800589 1.310348
v -2.276362 -8.910990 3.215091
v -4.220035 -8.698434 3.217510
v -5.963882 -8.219672 3.218316
v -2.305002 -8.940759 2.205716
v -4.270855 -8.747734 2.206320
v -6.030831 -8.285180 2.206522
v -2.343550 -8.979684 1.161554
v -4.332749 -8.809120 1.161554
v -6.111152 -8.365020 1.161554
v -2.268629 -8.897230 5.059911
v -2.287079 -8.916946 5.862758
v -2.310525 -8.953227 6.565622
v -4.173755 -8.660261 5.072005
v -4.179207 -8.675043 5.882281
v -4.197556 -8.709220 6.592921
v -5.896840 -8.160321 5.076036
v -5.899242 -8.169934 5.888790
v -5.920006 -8.200794 6.602022
v 1.451179 -9.056964 4.995407
v 3.079307 -9.107418 4.951462
v 4.516364 -9.150285 4.916386
v 1.360368 -9.081994 5.758629
v 2.925465 -9.132530 5.684128
v 4.282208 -9.174643 5.616816
v 1.286916 -9.118670 6.420028
v 2.788422 -9.166739 6.307875
v 4.036701 -9.203652 6.189809
v -7.925744 -6.511335 -2.864130
v -8.083208 -4.781116 -2.904545
v -7.956718 -2.709641 -2.890176
v -7.607100 -0.584421 -2.834374
v -7.095173 1.307031 -2.750493
v -6.488907 2.917361 -2.650122
v -5.856272 4.199219 -2.544849
v -6.511336 -7.925742 -2.864130
v -4.781118 -8.083208 -2.904545
v -2.709643 -7.956719 -2.890176
v -0.584423 -7.607100 -2.834374
v 1.307029 -7.095174 -2.750493
v 2.917359 -6.488910 -2.650122
v 4.199218 -5.856275 -2.544849
v -8.455215 -8.455212 -2.630196
v -9.194689 -9.194685 -2.350864
v -9.445382 -9.445377 -1.980431
v -9.450634 -9.450628 -1.563555
v -9.453784 -9.453779 -1.144895
v -9.455360 -9.455354 -0.685154
v -9.455887 -9.455877 -0.145035
v -4.441865 5.400391 -2.509281
v -3.132971 5.795356 -2.560904
v -1.632709 6.070963 -2.595991
v -0.045955 6.178927 -2.606333
v 1.522417 6.070962 -2.583726
v 2.971208 5.795354 -2.535455
v 4.199220 5.400389 -2.468807
v -5.643036 5.400392 -2.308924
v -6.000092 5.842763 -2.078670
v -6.353148 6.260590 -1.792638
v -6.700568 6.652990 -1.456394
v -7.040716 7.019086 -1.075501
v -7.396611 7.392245 -0.639658
v -7.791272 7.805838 -0.138565
v 5.400391 4.199217 -2.468807
v 5.795356 2.971205 -2.535454
v 6.070964 1.522414 -2.583726
v 6.178927 -0.045958 -2.606333
v 6.070963 -1.632712 -2.595991
v 5.795355 -3.132974 -2.560904
v 5.400390 -4.441868 -2.509281
v 5.400392 5.400389 -2.268450
v 5.833814 5.833811 -2.056912
v 6.224793 6.224791 -1.795141
v 6.563501 6.563498 -1.493313
v 6.840109 6.840105 -1.161604
v 7.057662 7.057658 -0.828488
v 7.219207 7.219202 -0.522439
v 5.400390 -5.643039 -2.308924
v 5.842762 -6.000095 -2.078670
v 6.260586 -6.353151 -1.792638
v 6.652987 -6.700572 -1.456394
v 7.019082 -7.040721 -1.075501
v 7.392241 -7.396616 -0.639658
v 7.805833 -7.791278 -0.138565
v -9.992650 -7.492642 0.530331
v -9.985783 -5.010584 0.556127
v -9.950476 -2.549705 0.579010
v -9.876185 -0.124269 0.597464
v -9.752370 2.251456 0.609975
v -9.514585 4.501762 0.607586
v -9.098385 6.550939 0.581340
v -7.492651 -9.992642 0.530331
v -5.010593 -9.985777 0.556127
v -2.549713 -9.950471 0.579010
v -0.124277 -9.876184 0.597464
v 2.251449 -9.752370 0.609975
v 4.501756 -9.514587 0.607586
v 6.550933 -9.098389 0.581340
v -6.436904 9.058837 0.117908
v -4.426494 9.409076 -0.076178
v -2.282596 9.559492 -0.178318
v -0.089944 9.539938 -0.225124
v 2.066729 9.380262 -0.253208
v 4.088114 9.007193 -0.267250
v 5.874903 8.347458 -0.271930
v 8.347462 5.874897 -0.271930
v 9.007195 4.088108 -0.267250
v 9.380263 2.066722 -0.253208
v 9.539937 -0.089950 -0.225124
v 9.559490 -2.282603 -0.178318
v 9.409074 -4.426500 -0.076178
v 9.058834 -6.436910 0.117908
v -8.452032 -6.198151 0.100000
v -8.876555 -4.400171 0.100000
v -9.023190 -2.387045 0.100000
v -9.034725 -0.332935 0.100000
v -9.053953 1.588001 0.100000
v -8.928710 3.342466 0.171177
v -8.506834 4.897168 0.384707
v -6.198158 -8.452025 0.100000
v -4.400179 -8.876551 0.100000
v -2.387053 -9.023187 0.100000
v -0.332942 -9.034724 0.100000
v 1.587994 -9.053953 0.100000
v 3.342460 -8.928711 0.171177
v 4.897161 -8.506838 0.384707
v -6.289991 6.218811 0.372462
v -4.443058 6.198167 0.189245
v -2.449420 6.136236 0.120124
v -0.478039 6.012374 0.110062
v 1.302125 5.805938 0.104025
v 2.845675 5.535936 0.101006
v 4.107213 5.221372 0.100000
v 5.221375 4.107209 0.100000
v 5.535937 2.845671 0.101006
v 5.805940 1.302121 0.104025
v 6.012373 -0.478043 0.110062
v 6.136234 -2.449425 0.120124
v 6.198164 -4.443063 0.189245
v 6.218807 -6.289996 0.372462
v 7.386452 7.386448 -0.105436
v 7.365632 7.365628 -0.004481
v 7.235763 7.235758 0.049408
v 6.967277 6.967273 0.074704
v 6.530609 6.530603 0.089881
v 5.991072 5.991067 0.097470
v 5.413981 5.413978 0.100000
v 7.274099 -7.603255 0.852016
v 8.089895 -7.557698 0.902255
v 8.693045 -7.529145 0.946720
v 9.110404 -7.539437 0.973669
v 9.368825 -7.610409 0.971361
v 9.402553 -7.748784 0.916481
v 9.145836 -7.961279 0.785715
v 8.269091 -9.144938 1.419076
v 8.255359 -9.550816 2.330606
v 8.151907 -9.747540 3.247019
v 7.876736 -9.817072 4.120787
v 7.347851 -9.841377 4.904383
v 6.663306 -9.833326 5.578387
v 5.921159 -9.805789 6.123379
v -7.961273 9.145841 0.785715
v -7.748778 9.402558 0.916481
v -7.610403 9.368830 0.971361
v -7.539430 9.110409 0.973669
v -7.529140 8.693050 0.946720
v -7.557693 8.089899 0.902255
v -7.603250 7.274105 0.852016
v -9.236567 -6.776938 7.199146
v -9.656867 -4.792635 7.187685
v -9.805695 -2.646888 7.153302
v -9.813861 -0.525525 7.084536
v -9.812180 1.385625 6.969926
v -9.803294 3.045202 6.818267
v -9.789845 4.411845 6.638356
v -6.776947 -9.236560 7.199145
v -4.792644 -9.656860 7.187685
v -2.646896 -9.805690 7.153301
v -0.525533 -9.813859 7.084536
v 1.385617 -9.812180 6.969926
v 3.045194 -9.803294 6.818267
v 4.411838 -9.789847 6.638355
v -8.249197 -5.954936 7.199145
v -8.760406 -4.224169 7.187685
v -9.005202 -2.331549 7.153301
v -9.101738 -0.447503 7.084536
v -9.168163 1.257539 6.969926
v -9.212285 2.730867 6.818513
v -9.241911 3.919769 6.639341
v -5.954943 -8.249190 7.199146
v -4.224177 -8.760401 7.187685
v -2.331557 -9.005199 7.153302
v -0.447511 -9.101737 7.084536
v 1.257532 -9.168163 6.969926
v 2.730860 -9.212285 6.818514
v 3.919762 -9.241914 6.639341
v 5.061807 -9.301042 6.639342
v 5.462775 -9.361565 6.807052
v 5.769319 -9.433104 6.924081
v 5.938807 -9.510754 6.969925
v 5.928613 -9.589603 6.924081
v 5.784912 -9.664608 6.806806
v 5.553882 -9.730720 6.638356
v -7.408893 -7.408886 7.663575
v -7.480158 -7.480151 7.995311
v -7.570692 -7.570685 8.194352
v -7.683969 -7.683961 8.260700
v -7.823457 -7.823451 8.194352
v -7.973053 -7.973046 7.995311
v -8.116648 -8.116640 7.663575
v -9.730717 5.553889 6.638356
v -9.664604 5.784919 6.806807
v -9.589600 5.928620 6.924081
v -9.510750 5.938814 6.969925
v -9.433102 5.769325 6.924081
v -9.361562 5.462781 6.807052
v -9.301039 5.061813 6.639341
v -8.743436 -8.743426 6.602022
v -9.113436 -9.113426 5.889144
v -9.251055 -9.251045 5.077456
v -9.268912 -9.268903 4.183899
v -9.279626 -9.279617 3.225415
v -9.296013 -9.296003 2.257546
v -9.330886 -9.330877 1.335835
v -8.584246 6.218812 1.434017
v -8.982839 6.194619 2.286898
v -9.137269 6.122038 3.202962
v -9.167770 5.976876 4.101719
v -9.194574 5.734940 4.902675
v -9.218886 5.414526 5.585359
v -9.241911 5.033932 6.129298
v -7.310285 -7.310277 6.602022
v -7.283911 -7.283903 5.888789
v -7.278744 -7.278737 5.076036
v -7.299227 -7.299219 4.180350
v -7.349799 -7.349792 3.218316
v -7.422938 -7.422931 2.206522
v -7.511123 -7.511116 1.161554
v -9.144932 8.269096 1.419076
v -9.550811 8.255364 2.330606
v -9.747535 8.151913 3.247019
v -9.817068 7.876744 4.120787
v -9.841374 7.347858 4.904383
v -9.833324 6.663313 5.578387
v -9.805786 5.921165 6.123379
v 6.218806 -8.584249 1.434017
v 6.194613 -8.982841 2.286898
v 6.122032 -9.137273 3.202962
v 5.976870 -9.167774 4.101719
v 5.734934 -9.194578 4.902675
v 5.414520 -9.218890 5.585359
v 5.033925 -9.241914 6.129298
v -7.658123 -7.658122 -2.794552
v -5.329157 5.015433 -2.456926
v 5.015433 5.015431 -2.404596
v 5.015431 -5.329160 -2.456925
v -9.363975 -9.363966 0.516705
v -8.312614 8.377845 0.504686
v 7.327788 7.327783 -0.271930
v 8.377839 -8.312620 0.504686
v -7.606830 -7.606823 0.100000
v -7.750345 6.218812 0.757983
v 6.218806 -7.750350 0.757983
v 4.928103 4.928100 0.100000
v -8.343643 -8.343635 7.199145
v -9.776210 5.311066 6.473250
v 5.311059 -9.776211 6.473250
v -7.353426 -7.353418 7.199145
v -9.260861 4.685751 6.475880
v 4.685744 -9.260864 6.475880
vt 0.199030 0.841674
vt 0.231219 0.809485
vt 0.231219 0.841674
vt 0.199030 0.777296
vt 0.231219 0.777296
vt 0.199030 0.745107
vt 0.231219 0.745107
vt 0.199030 0.712918
vt 0.231219 0.712918
vt 0.166841 0.809485
vt 0.199030 0.809485
vt 0.166841 0.745107
vt 0.166841 0.712918
vt 0.166841 0.841674
vt 0.134652 0.809485
vt 0.134652 0.777296
vt 0.166841 0.777296
vt 0.134652 0.745107
vt 0.134652 0.841674
vt 0.102463 0.809485
vt 0.102463 0.777296
vt 0.102463 0.745107
vt 0.134652 0.712918
vt 0.263408 0.809485
vt 0.263408 0.841674
vt 0.295597 0.809485
vt 0.295597 0.841674
vt 0.327786 0.841674
vt 0.327786 0.809485
vt 0.359975 0.841674
vt 0.263408 0.777296
vt 0.295597 0.777296
vt 0.327786 0.777296
vt 0.359975 0.809485
vt 0.263408 0.745107
vt 0.295597 0.745107
vt 0.327786 0.745107
vt 0.359975 0.777296
vt 0.263408 0.712918
vt 0.295597 0.712918
vt 0.327786 0.712918
vt 0.359975 0.745107
vt 0.231219 0.873863
vt 0.263408 0.873863
vt 0.231219 0.906052
vt 0.263408 0.906052
vt 0.231219 0.938241
vt 0.263408 0.938241
vt 0.231219 0.970430
vt 0.295597 0.873863
vt 0.295597 0.906052
vt 0.295597 0.938241
vt 0.263408 0.970430
vt 0.327786 0.873863
vt 0.327786 0.906052
vt 0.327786 0.938241
vt 0.295597 0.970430
vt 0.359975 0.873863
vt 0.359975 0.906052
vt 0.359975 0.938241
vt 0.327786 0.970430
vt 0.199030 0.873863
vt 0.166841 0.873863
vt 0.134652 0.873863
vt 0.102463 0.841674
vt 0.199030 0.906052
vt 0.166841 0.906052
vt 0.134652 0.906052
vt 0.102463 0.873863
vt 0.199030 0.938241
vt 0.166841 0.938241
vt 0.134652 0.938241
vt 0.102463 0.906052
vt 0.199030 0.970430
vt 0.166841 0.970430
vt 0.134652 0.970430
vt 0.102463 0.938241
vt 0.963713 0.840685
vt 0.969415 0.810582
vt 0.968019 0.841129
vt 0.972339 0.810232
vt 0.970872 0.841230
vt 0.974343 0.809777
vt 0.972756 0.841103
vt 0.975887 0.809271
vt 0.974155 0.840862
vt 0.965110 0.810776
vt 0.970113 0.779250
vt 0.973072 0.778478
vt 0.975136 0.777658
vt 0.976752 0.776814
vt 0.965809 0.779949
vt 0.970345 0.747394
vt 0.973317 0.746221
vt 0.975401 0.745010
vt 0.977041 0.743780
vt 0.966042 0.748508
vt 0.970345 0.715275
vt 0.973317 0.713712
vt 0.975401 0.712097
vt 0.977041 0.710457
vt 0.961383 0.869369
vt 0.965693 0.870627
vt 0.956910 0.895689
vt 0.961156 0.897827
vt 0.949081 0.918506
vt 0.953129 0.921478
vt 0.936685 0.936682
vt 0.968427 0.871221
vt 0.963713 0.898920
vt 0.955439 0.923045
vt 0.940330 0.940328
vt 0.970110 0.871370
vt 0.965144 0.899316
vt 0.943191 0.943189
vt 0.942315 0.942312
vt 0.971268 0.871298
vt 0.966011 0.899363
vt 0.956592 0.923677
vt 0.943514 0.943512
vt 0.954973 0.867223
vt 0.957468 0.839785
vt 0.946261 0.864742
vt 0.948964 0.838702
vt 0.937878 0.837708
vt 0.935049 0.862479
vt 0.923890 0.837076
vt 0.950411 0.892155
vt 0.941703 0.888046
vt 0.930830 0.884179
vt 0.921138 0.860984
vt 0.942718 0.913662
vt 0.934518 0.907895
vt 0.924962 0.902154
vt 0.917539 0.881648
vt 0.930824 0.930822
vt 0.923613 0.923610
vt 0.915914 0.915912
vt 0.909438 0.909435
vt 0.913346 0.898494
vt 0.959714 0.780551
vt 0.959964 0.749546
vt 0.959964 0.718146
vt 0.966042 0.716762
vt 0.950586 0.810643
vt 0.958966 0.810762
vt 0.951397 0.781070
vt 0.951667 0.750488
vt 0.951667 0.719402
vt 0.939576 0.810521
vt 0.940424 0.781522
vt 0.940707 0.751315
vt 0.940707 0.720504
vt 0.925541 0.810499
vt 0.926366 0.781920
vt 0.926641 0.752007
vt 0.926641 0.721427
vt 0.334849 0.376024
vt 0.352915 0.386427
vt 0.335102 0.386838
vt 0.352814 0.375859
vt 0.370855 0.386146
vt 0.370830 0.375747
vt 0.388878 0.385950
vt 0.388878 0.375669
vt 0.406944 0.385865
vt 0.334723 0.365522
vt 0.352764 0.365481
vt 0.370817 0.365452
vt 0.388878 0.365433
vt 0.406944 0.375634
vt 0.334681 0.355227
vt 0.352747 0.355227
vt 0.388878 0.355227
vt 0.406944 0.355227
vt 0.406944 0.365424
vt 0.334681 0.345037
vt 0.352747 0.345037
vt 0.370813 0.355227
vt 0.388878 0.345037
vt 0.406944 0.345037
vt 0.353083 0.397246
vt 0.335522 0.398068
vt 0.353268 0.409112
vt 0.335984 0.410386
vt 0.353420 0.422822
vt 0.336363 0.424466
vt 0.353487 0.439170
vt 0.336531 0.440979
vt 0.370897 0.396683
vt 0.370943 0.408240
vt 0.370981 0.421696
vt 0.370998 0.437932
vt 0.388879 0.396293
vt 0.388879 0.407635
vt 0.388879 0.420915
vt 0.388879 0.437076
vt 0.406944 0.396121
vt 0.406944 0.407369
vt 0.406944 0.420572
vt 0.406945 0.436743
vt 0.317456 0.387422
vt 0.318297 0.399235
vt 0.299937 0.388135
vt 0.301324 0.400662
vt 0.282502 0.388934
vt 0.284519 0.402260
vt 0.265108 0.389777
vt 0.319221 0.412196
vt 0.286738 0.416885
vt 0.270757 0.419497
vt 0.267798 0.403946
vt 0.319978 0.426800
vt 0.302850 0.414406
vt 0.288554 0.432850
vt 0.273178 0.436221
vt 0.304653 0.446684
vt 0.304098 0.429653
vt 0.289361 0.450202
vt 0.274254 0.453909
vt 0.316952 0.376257
vt 0.316700 0.365580
vt 0.316615 0.355227
vt 0.316615 0.345037
vt 0.299105 0.376543
vt 0.298688 0.365651
vt 0.298550 0.355227
vt 0.298550 0.345037
vt 0.281291 0.376862
vt 0.280686 0.365731
vt 0.280484 0.355227
vt 0.280484 0.345037
vt 0.263494 0.377199
vt 0.262687 0.365815
vt 0.262418 0.355227
vt 0.262418 0.345037
vt 0.616489 0.840113
vt 0.634601 0.804858
vt 0.634601 0.840113
vt 0.652713 0.804858
vt 0.652713 0.840113
vt 0.670825 0.804858
vt 0.670825 0.840113
vt 0.688936 0.804858
vt 0.688936 0.840113
vt 0.616489 0.804858
vt 0.634601 0.769604
vt 0.652713 0.769604
vt 0.670825 0.769604
vt 0.616489 0.769604
vt 0.634601 0.734350
vt 0.652713 0.734350
vt 0.670825 0.734350
vt 0.688936 0.734350
vt 0.688936 0.769604
vt 0.616489 0.734350
vt 0.634601 0.699096
vt 0.652713 0.699096
vt 0.670825 0.699096
vt 0.688936 0.699096
vt 0.616489 0.875367
vt 0.634601 0.875367
vt 0.616489 0.910621
vt 0.634601 0.910621
vt 0.616489 0.945875
vt 0.634601 0.945875
vt 0.616489 0.981130
vt 0.652713 0.875367
vt 0.652713 0.910621
vt 0.652713 0.945875
vt 0.634601 0.981130
vt 0.670825 0.875367
vt 0.670825 0.910621
vt 0.670825 0.945875
vt 0.652713 0.981130
vt 0.688936 0.875367
vt 0.688936 0.910621
vt 0.688936 0.945875
vt 0.670825 0.981130
vt 0.598377 0.875367
vt 0.598377 0.840113
vt 0.580266 0.840113
vt 0.580266 0.875367
vt 0.562154 0.840113
vt 0.562154 0.875367
vt 0.544042 0.840113
vt 0.598377 0.910621
vt 0.580266 0.910621
vt 0.562154 0.910621
vt 0.544042 0.875367
vt 0.598377 0.945875
vt 0.580266 0.945875
vt 0.562154 0.945875
vt 0.544042 0.910621
vt 0.598377 0.981130
vt 0.580266 0.981130
vt 0.562154 0.981130
vt 0.544042 0.945875
vt 0.598377 0.804858
vt 0.598377 0.769604
vt 0.598377 0.734350
vt 0.598377 0.699096
vt 0.616489 0.699096
vt 0.580266 0.804858
vt 0.580266 0.769604
vt 0.580266 0.734350
vt 0.580266 0.699096
vt 0.562154 0.804858
vt 0.562154 0.769604
vt 0.562154 0.734350
vt 0.562154 0.699096
vt 0.544042 0.804858
vt 0.544042 0.769604
vt 0.544042 0.734350
vt 0.544042 0.699096
vt 0.471595 0.840113
vt 0.453483 0.875367
vt 0.453483 0.840113
vt 0.435371 0.875367
vt 0.435371 0.840113
vt 0.417259 0.875367
vt 0.417259 0.840113
vt 0.399147 0.875367
vt 0.399147 0.840113
vt 0.471595 0.875367
vt 0.453483 0.910621
vt 0.435371 0.910621
vt 0.417259 0.910621
vt 0.399147 0.910621
vt 0.471595 0.910621
vt 0.453483 0.945875
vt 0.435371 0.945875
vt 0.417259 0.945875
vt 0.399147 0.945875
vt 0.471595 0.945875
vt 0.453483 0.981130
vt 0.435371 0.981130
vt 0.417259 0.981130
vt 0.399148 0.981130
vt 0.453483 0.804858
vt 0.471594 0.804858
vt 0.453483 0.769604
vt 0.471594 0.769604
vt 0.453483 0.734350
vt 0.471594 0.734350
vt 0.453483 0.699096
vt 0.471594 0.699096
vt 0.435371 0.769604
vt 0.435371 0.734350
vt 0.435371 0.699096
vt 0.435371 0.804858
vt 0.417259 0.769604
vt 0.417259 0.734350
vt 0.417259 0.699096
vt 0.417259 0.804858
vt 0.399147 0.804858
vt 0.399147 0.769604
vt 0.399147 0.734350
vt 0.489706 0.840113
vt 0.489706 0.804858
vt 0.507818 0.840113
vt 0.507818 0.804858
vt 0.525930 0.840113
vt 0.525930 0.804858
vt 0.544042 0.840113
vt 0.489706 0.769604
vt 0.507818 0.769604
vt 0.525930 0.769604
vt 0.544042 0.804858
vt 0.489706 0.734350
vt 0.507818 0.734350
vt 0.525930 0.734350
vt 0.544042 0.769604
vt 0.489706 0.699096
vt 0.507818 0.699096
vt 0.525930 0.699096
vt 0.544042 0.734350
vt 0.489706 0.875367
vt 0.489706 0.910621
vt 0.489706 0.945875
vt 0.489707 0.981130
vt 0.471595 0.981130
vt 0.507818 0.875367
vt 0.507818 0.910621
vt 0.507818 0.945875
vt 0.507818 0.981130
vt 0.525930 0.875367
vt 0.525930 0.910621
vt 0.525930 0.945875
vt 0.525930 0.981130
vt 0.544042 0.875367
vt 0.544042 0.945875
vt 0.544042 0.981130
vt 0.478787 0.386838
vt 0.460806 0.397246
vt 0.460974 0.386427
vt 0.442992 0.396683
vt 0.443034 0.386146
vt 0.425010 0.396293
vt 0.425010 0.385950
vt 0.478367 0.398068
vt 0.460621 0.409112
vt 0.442946 0.408240
vt 0.425010 0.407635
vt 0.477905 0.410386
vt 0.460469 0.422822
vt 0.442908 0.421696
vt 0.425010 0.420915
vt 0.477527 0.424466
vt 0.460402 0.439170
vt 0.442891 0.437932
vt 0.425010 0.437076
vt 0.479040 0.376024
vt 0.461075 0.375859
vt 0.479166 0.365522
vt 0.461125 0.365481
vt 0.479208 0.355227
vt 0.461142 0.355227
vt 0.479208 0.345037
vt 0.443059 0.375747
vt 0.443072 0.365452
vt 0.443076 0.355227
vt 0.461142 0.345037
vt 0.425010 0.375669
vt 0.425010 0.355227
vt 0.425010 0.345037
vt 0.443076 0.345037
vt 0.425010 0.365433
vt 0.496937 0.376257
vt 0.496433 0.387422
vt 0.514785 0.376543
vt 0.513952 0.388135
vt 0.532598 0.376862
vt 0.531388 0.388934
vt 0.550395 0.377199
vt 0.548781 0.389777
vt 0.497189 0.365580
vt 0.515201 0.365651
vt 0.533203 0.365731
vt 0.551202 0.365815
vt 0.497273 0.355227
vt 0.515339 0.355227
vt 0.533405 0.355227
vt 0.551471 0.355227
vt 0.497273 0.345037
vt 0.515339 0.345037
vt 0.533405 0.345037
vt 0.551471 0.345037
vt 0.495592 0.399235
vt 0.494668 0.412196
vt 0.493911 0.426800
vt 0.477359 0.440979
vt 0.512565 0.400662
vt 0.511040 0.414406
vt 0.509237 0.446684
vt 0.493575 0.443547
vt 0.527151 0.416885
vt 0.525336 0.432850
vt 0.509791 0.429653
vt 0.524529 0.450202
vt 0.529370 0.402260
vt 0.543132 0.419497
vt 0.540711 0.436221
vt 0.539636 0.453909
vt 0.838715 0.838713
vt 0.811811 0.811810
vt 0.839073 0.811628
vt 0.811902 0.783145
vt 0.839252 0.783032
vt 0.811933 0.753545
vt 0.839312 0.753429
vt 0.811933 0.723477
vt 0.839312 0.723323
vt 0.811630 0.839071
vt 0.783147 0.811900
vt 0.783203 0.783201
vt 0.783222 0.753602
vt 0.783222 0.723554
vt 0.783034 0.839251
vt 0.753546 0.811931
vt 0.753604 0.783220
vt 0.753623 0.753622
vt 0.753623 0.723579
vt 0.753431 0.839310
vt 0.723478 0.811931
vt 0.723555 0.783220
vt 0.723581 0.753621
vt 0.723581 0.723579
vt 0.863786 0.838116
vt 0.864464 0.811325
vt 0.886541 0.837498
vt 0.887598 0.810982
vt 0.906676 0.837079
vt 0.908086 0.810679
vt 0.864803 0.782844
vt 0.888126 0.782590
vt 0.908790 0.782279
vt 0.864916 0.753237
vt 0.888302 0.752949
vt 0.909025 0.752545
vt 0.864916 0.723067
vt 0.888302 0.722682
vt 0.909025 0.722144
vt 0.862656 0.862654
vt 0.838118 0.863784
vt 0.861517 0.884778
vt 0.837500 0.886539
vt 0.860813 0.904326
vt 0.837081 0.906674
vt 0.860986 0.921136
vt 0.837078 0.923888
vt 0.884780 0.861515
vt 0.882916 0.882914
vt 0.881551 0.901577
vt 0.881650 0.917537
vt 0.904328 0.860811
vt 0.901579 0.881549
vt 0.898969 0.898967
vt 0.898496 0.913344
vt 0.811327 0.864463
vt 0.782846 0.864802
vt 0.753239 0.864915
vt 0.723325 0.839310
vt 0.810984 0.887596
vt 0.782592 0.888124
vt 0.752950 0.888300
vt 0.723068 0.864915
vt 0.810681 0.908084
vt 0.782281 0.908788
vt 0.752547 0.909023
vt 0.722684 0.888300
vt 0.810501 0.925539
vt 0.781922 0.926364
vt 0.752008 0.926639
vt 0.722146 0.909023
vt 0.797861 0.380645
vt 0.785769 0.320794
vt 0.797862 0.320795
vt 0.785769 0.260944
vt 0.797862 0.260945
vt 0.785769 0.201094
vt 0.797862 0.201095
vt 0.797863 0.141245
vt 0.785768 0.380644
vt 0.773573 0.320793
vt 0.773573 0.260943
vt 0.773573 0.201093
vt 0.785769 0.141244
vt 0.773573 0.380643
vt 0.761308 0.320793
vt 0.761309 0.260943
vt 0.761309 0.201093
vt 0.773574 0.141243
vt 0.749010 0.380643
vt 0.761308 0.380643
vt 0.749010 0.320793
vt 0.749010 0.260943
vt 0.749010 0.201093
vt 0.761309 0.141243
vt 0.809817 0.380648
vt 0.809818 0.320798
vt 0.821602 0.380652
vt 0.821603 0.320802
vt 0.833182 0.380657
vt 0.844522 0.320814
vt 0.844521 0.380664
vt 0.821603 0.260952
vt 0.833182 0.260957
vt 0.833182 0.320807
vt 0.844522 0.260964
vt 0.809818 0.260948
vt 0.821603 0.201102
vt 0.833183 0.201107
vt 0.844523 0.201114
vt 0.809819 0.141248
vt 0.809819 0.201098
vt 0.821604 0.141252
vt 0.833183 0.141257
vt 0.844523 0.141264
vt 0.809817 0.440498
vt 0.797861 0.440495
vt 0.809817 0.500348
vt 0.797861 0.500345
vt 0.809816 0.560198
vt 0.797860 0.560195
vt 0.809816 0.620048
vt 0.797860 0.620045
vt 0.821602 0.440502
vt 0.821601 0.500352
vt 0.821601 0.560202
vt 0.821601 0.620052
vt 0.833181 0.440507
vt 0.833181 0.500357
vt 0.833180 0.560207
vt 0.833180 0.620057
vt 0.844521 0.440514
vt 0.844520 0.500364
vt 0.844520 0.560214
vt 0.844519 0.620064
vt 0.785768 0.440494
vt 0.773572 0.440493
vt 0.749010 0.440493
vt 0.785768 0.500344
vt 0.773572 0.500343
vt 0.761308 0.440493
vt 0.749010 0.500343
vt 0.785767 0.560194
vt 0.773572 0.560193
vt 0.761308 0.500343
vt 0.761308 0.560193
vt 0.785767 0.620044
vt 0.773572 0.620043
vt 0.761308 0.620043
vt 0.749010 0.560193
vt 0.869371 0.961381
vt 0.841130 0.968017
vt 0.840687 0.963711
vt 0.870629 0.965691
vt 0.841232 0.970870
vt 0.871223 0.968425
vt 0.841105 0.972754
vt 0.871372 0.970108
vt 0.840864 0.974153
vt 0.895691 0.956908
vt 0.897830 0.961154
vt 0.898922 0.963711
vt 0.899318 0.965141
vt 0.871300 0.971266
vt 0.918508 0.949079
vt 0.921480 0.953127
vt 0.923048 0.955437
vt 0.923679 0.956590
vt 0.899365 0.966009
vt 0.923842 0.957163
vt 0.810584 0.969413
vt 0.810778 0.965109
vt 0.779251 0.970111
vt 0.779950 0.965807
vt 0.747395 0.970343
vt 0.748510 0.966040
vt 0.715277 0.970343
vt 0.716763 0.966040
vt 0.810233 0.972337
vt 0.778480 0.973071
vt 0.746222 0.973315
vt 0.713713 0.973315
vt 0.809779 0.974341
vt 0.777660 0.975135
vt 0.745011 0.975399
vt 0.712099 0.975399
vt 0.809272 0.975885
vt 0.776815 0.976751
vt 0.743781 0.977040
vt 0.710458 0.977040
vt 0.839787 0.957466
vt 0.810645 0.950584
vt 0.838704 0.948962
vt 0.810523 0.939574
vt 0.837710 0.937876
vt 0.780552 0.959713
vt 0.810764 0.958964
vt 0.781072 0.951395
vt 0.781524 0.940423
vt 0.749548 0.959962
vt 0.750490 0.951665
vt 0.751316 0.940706
vt 0.718147 0.959962
vt 0.719403 0.951665
vt 0.720505 0.940706
vt 0.721428 0.926639
vt 0.867225 0.954970
vt 0.892158 0.950409
vt 0.913664 0.942715
vt 0.864744 0.946259
vt 0.888048 0.941701
vt 0.907897 0.934515
vt 0.884181 0.930828
vt 0.902156 0.924959
vt 0.862481 0.935047
vt 0.478788 0.531365
vt 0.460806 0.505641
vt 0.478368 0.506463
vt 0.477905 0.482650
vt 0.460621 0.481376
vt 0.477527 0.460598
vt 0.460470 0.458954
vt 0.443035 0.530674
vt 0.460974 0.530954
vt 0.442993 0.505082
vt 0.442946 0.480508
vt 0.442908 0.457830
vt 0.425011 0.530484
vt 0.425011 0.504702
vt 0.425011 0.479916
vt 0.425010 0.457058
vt 0.406945 0.530412
vt 0.406945 0.504557
vt 0.406945 0.479689
vt 0.406945 0.456760
vt 0.496434 0.531949
vt 0.495593 0.507630
vt 0.513953 0.532662
vt 0.512566 0.509057
vt 0.531388 0.533461
vt 0.529371 0.510655
vt 0.548782 0.534304
vt 0.494668 0.484459
vt 0.511040 0.486670
vt 0.543133 0.491760
vt 0.546092 0.512341
vt 0.493911 0.462932
vt 0.509792 0.465784
vt 0.527151 0.489148
vt 0.540712 0.472353
vt 0.525336 0.468982
vt 0.496938 0.556916
vt 0.479040 0.556682
vt 0.497190 0.582370
vt 0.479167 0.582312
vt 0.497274 0.608149
vt 0.479209 0.608149
vt 0.497275 0.634091
vt 0.479209 0.634091
vt 0.514785 0.557201
vt 0.515202 0.582441
vt 0.515340 0.608149
vt 0.515340 0.634091
vt 0.532599 0.557521
vt 0.533204 0.582521
vt 0.533406 0.608149
vt 0.533406 0.634091
vt 0.550396 0.557858
vt 0.551203 0.582606
vt 0.551472 0.608149
vt 0.551472 0.634091
vt 0.461075 0.556518
vt 0.425011 0.556330
vt 0.406945 0.556301
vt 0.461126 0.582271
vt 0.443060 0.556406
vt 0.443073 0.582243
vt 0.406945 0.582217
vt 0.461143 0.608149
vt 0.443077 0.608149
vt 0.425011 0.582224
vt 0.406946 0.608149
vt 0.461143 0.634091
vt 0.443077 0.634091
vt 0.425011 0.608149
vt 0.406946 0.634091
vt 0.888154 0.325356
vt 0.888190 0.293172
vt 0.888222 0.326034
vt 0.887868 0.295694
vt 0.888285 0.327518
vt 0.887539 0.299293
vt 0.888345 0.329541
vt 0.887208 0.303430
vt 0.888404 0.331833
vt 0.888503 0.292265
vt 0.888163 0.265562
vt 0.887489 0.269326
vt 0.886806 0.274759
vt 0.886118 0.281026
vt 0.888822 0.264300
vt 0.888132 0.245975
vt 0.887151 0.250796
vt 0.886157 0.257770
vt 0.885157 0.265821
vt 0.889305 0.235433
vt 0.889095 0.244383
vt 0.888089 0.237184
vt 0.886852 0.242487
vt 0.885602 0.250159
vt 0.887793 0.360655
vt 0.888268 0.361373
vt 0.887421 0.397609
vt 0.888324 0.398571
vt 0.887044 0.435666
vt 0.888388 0.437009
vt 0.886664 0.474275
vt 0.888741 0.362414
vt 0.889227 0.399615
vt 0.889731 0.438352
vt 0.888455 0.476066
vt 0.889213 0.363671
vt 0.890129 0.400712
vt 0.891075 0.439695
vt 0.890246 0.477857
vt 0.889685 0.365035
vt 0.891030 0.401837
vt 0.892419 0.441038
vt 0.892037 0.479648
vt 0.888080 0.325756
vt 0.887315 0.360367
vt 0.888001 0.326963
vt 0.886835 0.360403
vt 0.887920 0.328708
vt 0.886354 0.360653
vt 0.887836 0.330722
vt 0.886518 0.396753
vt 0.885614 0.395979
vt 0.884710 0.395258
vt 0.885873 0.361011
vt 0.885700 0.434323
vt 0.884357 0.432979
vt 0.883013 0.431636
vt 0.883806 0.394564
vt 0.884872 0.472483
vt 0.883081 0.470692
vt 0.881290 0.468901
vt 0.881670 0.430293
vt 0.888803 0.293511
vt 0.889462 0.266376
vt 0.890033 0.247097
vt 0.890493 0.238419
vt 0.889095 0.296371
vt 0.890087 0.270955
vt 0.890952 0.253041
vt 0.891661 0.244957
vt 0.889380 0.300308
vt 0.890703 0.277203
vt 0.891859 0.261139
vt 0.892816 0.253864
vt 0.889662 0.304783
vt 0.891314 0.284284
vt 0.892760 0.270312
vt 0.893964 0.263955
vt 0.889488 0.340590
vt 0.887786 0.309981
vt 0.889511 0.309305
vt 0.887723 0.341307
vt 0.886057 0.311464
vt 0.885957 0.342347
vt 0.884325 0.313486
vt 0.884188 0.343602
vt 0.882591 0.315777
vt 0.889457 0.373531
vt 0.887671 0.374492
vt 0.885885 0.375534
vt 0.884099 0.376630
vt 0.882420 0.344965
vt 0.889418 0.407575
vt 0.887626 0.408916
vt 0.885833 0.410258
vt 0.884040 0.411599
vt 0.882312 0.377753
vt 0.889377 0.442171
vt 0.887584 0.443960
vt 0.885790 0.445749
vt 0.883997 0.447538
vt 0.882247 0.412940
vt 0.887863 0.281133
vt 0.889520 0.280226
vt 0.887945 0.257535
vt 0.889500 0.256274
vt 0.888023 0.241961
vt 0.889434 0.240370
vt 0.886197 0.283654
vt 0.886375 0.261299
vt 0.886594 0.246782
vt 0.884524 0.287252
vt 0.884796 0.266732
vt 0.885152 0.253757
vt 0.882848 0.291388
vt 0.883212 0.272998
vt 0.883704 0.261807
vt 0.891165 0.281473
vt 0.891229 0.309705
vt 0.892801 0.284334
vt 0.892943 0.310913
vt 0.894430 0.288272
vt 0.894653 0.312659
vt 0.896056 0.292748
vt 0.896362 0.314674
vt 0.891036 0.258351
vt 0.892558 0.262930
vt 0.894070 0.269178
vt 0.895577 0.276261
vt 0.890820 0.243085
vt 0.892188 0.249029
vt 0.893543 0.257126
vt 0.894891 0.266300
vt 0.891251 0.340304
vt 0.891241 0.372677
vt 0.891211 0.406234
vt 0.893012 0.340340
vt 0.893026 0.371904
vt 0.893004 0.404893
vt 0.891170 0.440382
vt 0.894771 0.340592
vt 0.894810 0.371185
vt 0.894797 0.403551
vt 0.892964 0.438593
vt 0.896530 0.340952
vt 0.896594 0.370493
vt 0.896589 0.402210
vt 0.894757 0.436804
vt 0.877033 0.380697
vt 0.887483 0.320861
vt 0.887483 0.380711
vt 0.877034 0.320847
vt 0.887484 0.261011
vt 0.877034 0.260997
vt 0.887484 0.201161
vt 0.877035 0.201147
vt 0.887485 0.141311
vt 0.866413 0.380685
vt 0.866413 0.320835
vt 0.866414 0.260985
vt 0.866414 0.201135
vt 0.877035 0.141297
vt 0.855587 0.380674
vt 0.855587 0.320824
vt 0.855588 0.260974
vt 0.855588 0.201124
vt 0.866415 0.141285
vt 0.855589 0.141274
vt 0.897795 0.380726
vt 0.897795 0.320876
vt 0.908005 0.380742
vt 0.908005 0.320892
vt 0.918146 0.380758
vt 0.918146 0.320908
vt 0.928253 0.380775
vt 0.897796 0.261026
vt 0.908006 0.261042
vt 0.918147 0.261058
vt 0.928253 0.320925
vt 0.897797 0.201176
vt 0.908006 0.201192
vt 0.918147 0.201208
vt 0.928254 0.261075
vt 0.897797 0.141326
vt 0.908007 0.141342
vt 0.918148 0.141358
vt 0.928254 0.201225
vt 0.897794 0.440576
vt 0.887482 0.440561
vt 0.897794 0.500426
vt 0.887482 0.500411
vt 0.897793 0.560276
vt 0.887481 0.560261
vt 0.897793 0.620126
vt 0.887481 0.620111
vt 0.908004 0.440592
vt 0.908004 0.500442
vt 0.908003 0.560292
vt 0.908002 0.620142
vt 0.918145 0.440608
vt 0.918145 0.500458
vt 0.918144 0.560308
vt 0.918144 0.620158
vt 0.928252 0.440625
vt 0.928252 0.500475
vt 0.928251 0.560325
vt 0.928250 0.620175
vt 0.877033 0.440547
vt 0.866412 0.440535
vt 0.855586 0.440524
vt 0.877032 0.500397
vt 0.866412 0.500385
vt 0.855586 0.500374
vt 0.877032 0.560247
vt 0.866411 0.560235
vt 0.855585 0.560224
vt 0.877031 0.620097
vt 0.866411 0.620085
vt 0.855585 0.620074
vt 0.317457 0.531948
vt 0.335522 0.506463
vt 0.335102 0.531365
vt 0.319222 0.484459
vt 0.335985 0.482650
vt 0.319978 0.462932
vt 0.336363 0.460598
vt 0.320314 0.443547
vt 0.299937 0.532662
vt 0.318297 0.507630
vt 0.301324 0.509057
vt 0.304098 0.465784
vt 0.282502 0.533461
vt 0.284519 0.510655
vt 0.302850 0.486670
vt 0.286739 0.489148
vt 0.288554 0.468982
vt 0.265109 0.534304
vt 0.270757 0.491760
vt 0.273178 0.472353
vt 0.353084 0.505641
vt 0.352916 0.530954
vt 0.370856 0.530674
vt 0.370897 0.505082
vt 0.388879 0.530484
vt 0.388879 0.504702
vt 0.353269 0.481376
vt 0.370944 0.480508
vt 0.388879 0.479916
vt 0.353420 0.458954
vt 0.370981 0.457830
vt 0.388879 0.457058
vt 0.334850 0.556682
vt 0.352815 0.556518
vt 0.334724 0.582312
vt 0.352765 0.582271
vt 0.334682 0.608149
vt 0.352748 0.608149
vt 0.334683 0.634091
vt 0.370831 0.556406
vt 0.370818 0.582243
vt 0.370814 0.608149
vt 0.352748 0.634091
vt 0.388880 0.556330
vt 0.388880 0.582224
vt 0.388880 0.608149
vt 0.370814 0.634091
vt 0.388880 0.634091
vt 0.316953 0.556916
vt 0.299105 0.557201
vt 0.281292 0.557521
vt 0.263495 0.557858
vt 0.316700 0.582370
vt 0.298689 0.582441
vt 0.280687 0.582521
vt 0.262688 0.582606
vt 0.316617 0.608149
vt 0.298551 0.608149
vt 0.280485 0.608149
vt 0.262419 0.608149
vt 0.316617 0.634091
vt 0.298551 0.634091
vt 0.280485 0.634091
vt 0.262419 0.634091
vt 0.939358 0.226790
vt 0.942969 0.205414
vt 0.942969 0.226796
vt 0.939358 0.205408
vt 0.942969 0.184031
vt 0.939358 0.184025
vt 0.942969 0.162649
vt 0.939358 0.162643
vt 0.942969 0.141266
vt 0.935747 0.226785
vt 0.935747 0.205402
vt 0.935747 0.184019
vt 0.935747 0.162637
vt 0.939358 0.141260
vt 0.932136 0.226779
vt 0.932136 0.205396
vt 0.932136 0.184014
vt 0.932136 0.162631
vt 0.935747 0.141254
vt 0.928525 0.226773
vt 0.928525 0.205390
vt 0.928525 0.184008
vt 0.928525 0.162625
vt 0.932136 0.141248
vt 0.946580 0.226802
vt 0.946580 0.205420
vt 0.950191 0.226808
vt 0.950191 0.205426
vt 0.953801 0.226814
vt 0.953801 0.205431
vt 0.957412 0.226820
vt 0.946580 0.184037
vt 0.950191 0.184043
vt 0.953801 0.184049
vt 0.957412 0.205437
vt 0.946580 0.162655
vt 0.950191 0.162661
vt 0.953801 0.162666
vt 0.957412 0.184055
vt 0.946580 0.141272
vt 0.950191 0.141278
vt 0.953801 0.141284
vt 0.957412 0.162672
vt 0.946580 0.248185
vt 0.942969 0.248179
vt 0.946580 0.269567
vt 0.942969 0.269561
vt 0.946580 0.290950
vt 0.942969 0.290944
vt 0.946580 0.312332
vt 0.942969 0.312326
vt 0.950191 0.248191
vt 0.950191 0.269573
vt 0.950191 0.290956
vt 0.950191 0.312338
vt 0.953801 0.248197
vt 0.953801 0.269579
vt 0.953801 0.290962
vt 0.953801 0.312344
vt 0.957412 0.248202
vt 0.957412 0.269585
vt 0.957412 0.290967
vt 0.957412 0.312350
vt 0.939358 0.248173
vt 0.935747 0.248167
vt 0.932136 0.248161
vt 0.928525 0.248155
vt 0.939358 0.269556
vt 0.935747 0.269550
vt 0.932136 0.269544
vt 0.928525 0.269538
vt 0.939358 0.290938
vt 0.935747 0.290932
vt 0.932136 0.290926
vt 0.928525 0.290920
vt 0.939358 0.312321
vt 0.935747 0.312315
vt 0.932136 0.312309
vt 0.928525 0.312303
vt 0.687518 0.380643
vt 0.699816 0.320793
vt 0.699816 0.380643
vt 0.687518 0.320793
vt 0.699816 0.260943
vt 0.687517 0.260943
vt 0.699816 0.201093
vt 0.687517 0.141243
vt 0.699816 0.141243
vt 0.675219 0.380643
vt 0.675219 0.260943
vt 0.675219 0.201093
vt 0.687517 0.201093
vt 0.675219 0.141243
vt 0.662921 0.380643
vt 0.675219 0.320793
vt 0.662920 0.260943
vt 0.662920 0.201093
vt 0.662920 0.141243
vt 0.650622 0.320793
vt 0.662921 0.320793
vt 0.650622 0.260943
vt 0.650622 0.201093
vt 0.650621 0.141243
vt 0.712115 0.320793
vt 0.712115 0.380643
vt 0.724413 0.320793
vt 0.724413 0.380643
vt 0.736712 0.320793
vt 0.736711 0.380643
vt 0.712114 0.260943
vt 0.724413 0.260943
vt 0.736712 0.260943
vt 0.712114 0.201093
vt 0.724413 0.201093
vt 0.736712 0.201093
vt 0.712115 0.141243
vt 0.724413 0.141243
vt 0.736712 0.141243
vt 0.699816 0.440493
vt 0.712115 0.440493
vt 0.699816 0.500343
vt 0.712115 0.500343
vt 0.699816 0.560193
vt 0.712115 0.560193
vt 0.699816 0.620043
vt 0.724413 0.440493
vt 0.724413 0.500343
vt 0.724413 0.560193
vt 0.712115 0.620043
vt 0.736711 0.440493
vt 0.736711 0.500343
vt 0.736711 0.560193
vt 0.724413 0.620043
vt 0.736711 0.620043
vt 0.687518 0.440493
vt 0.675219 0.440493
vt 0.662921 0.440493
vt 0.650623 0.440493
vt 0.650622 0.380643
vt 0.687518 0.500343
vt 0.675220 0.500343
vt 0.662921 0.500343
vt 0.650623 0.500343
vt 0.687518 0.560193
vt 0.675220 0.560193
vt 0.662921 0.560193
vt 0.650623 0.560193
vt 0.687518 0.620043
vt 0.675220 0.620043
vt 0.662922 0.620043
vt 0.650623 0.620043
vt 0.102463 0.712918
vt 0.359975 0.712918
vt 0.359975 0.970430
vt 0.102463 0.970430
vt 0.957165 0.923840
vt 0.370813 0.345037
vt 0.688936 0.981130
vt 0.544042 0.981130
vt 0.399147 0.699096
vt 0.544042 0.699096
vt 0.544042 0.910621
vt 0.546091 0.403946
vt 0.749010 0.141243
vt 0.749009 0.620043
vt 0.425012 0.634091
vt 0.884345 0.259015
vt 0.893828 0.481439
vt 0.879499 0.467110
vt 0.882204 0.449327
vt 0.896550 0.435015
vt 0.928255 0.141375
vt 0.267799 0.512341
vt 0.928525 0.141243
vt 0.957412 0.141290
vn 0.0268 0.0005 -0.9996
vn 0.0005 0.0268 -0.9996
vn 0.0204 0.0204 -0.9996
vn -0.0230 0.0121 -0.9996
vn -0.0302 0.0362 -0.9989
vn -0.0724 0.0219 -0.9971
vn -0.0782 0.0496 -0.9957
vn -0.1796 0.0373 -0.9830
vn -0.1796 0.0730 -0.9810
vn 0.0121 -0.0230 -0.9996
vn 0.0056 0.0056 -0.9999
vn -0.0675 -0.0143 -0.9976
vn -0.1706 -0.0105 -0.9853
vn 0.0362 -0.0302 -0.9989
vn 0.0219 -0.0724 -0.9971
vn -0.0143 -0.0675 -0.9976
vn -0.0175 -0.0175 -0.9997
vn -0.0623 -0.0623 -0.9961
vn 0.0496 -0.0782 -0.9957
vn 0.0373 -0.1796 -0.9830
vn -0.0105 -0.1706 -0.9853
vn -0.0555 -0.1388 -0.9887
vn -0.1388 -0.0555 -0.9887
vn -0.0060 0.0490 -0.9987
vn 0.0153 0.0422 -0.9990
vn -0.0143 0.0779 -0.9969
vn 0.0117 0.0701 -0.9974
vn 0.0085 0.1117 -0.9937
vn -0.0246 0.1200 -0.9925
vn 0.0048 0.1762 -0.9843
vn -0.0378 0.0607 -0.9974
vn -0.0468 0.0915 -0.9947
vn -0.0584 0.1328 -0.9894
vn -0.0372 0.1828 -0.9824
vn -0.0849 0.0781 -0.9933
vn -0.0923 0.1104 -0.9896
vn -0.1013 0.1504 -0.9834
vn -0.0769 0.1925 -0.9782
vn -0.1765 0.1081 -0.9783
vn -0.1725 0.1438 -0.9744
vn -0.1677 0.1839 -0.9685
vn -0.1217 0.2047 -0.9712
vn 0.0422 0.0153 -0.9990
vn 0.0387 0.0387 -0.9985
vn 0.0701 0.0117 -0.9974
vn 0.0680 0.0379 -0.9969
vn 0.1117 0.0085 -0.9937
vn 0.1086 0.0396 -0.9933
vn 0.1762 0.0048 -0.9843
vn 0.0379 0.0680 -0.9969
vn 0.0687 0.0687 -0.9953
vn 0.1092 0.0732 -0.9913
vn 0.1718 0.0452 -0.9841
vn 0.0396 0.1086 -0.9933
vn 0.0732 0.1092 -0.9913
vn 0.1131 0.1131 -0.9871
vn 0.1693 0.0854 -0.9818
vn 0.0452 0.1718 -0.9841
vn 0.0854 0.1693 -0.9818
vn 0.1283 0.1666 -0.9776
vn 0.1666 0.1283 -0.9776
vn 0.0490 -0.0060 -0.9987
vn 0.0607 -0.0378 -0.9974
vn 0.0781 -0.0849 -0.9933
vn 0.0730 -0.1796 -0.9810
vn 0.0779 -0.0143 -0.9969
vn 0.0915 -0.0468 -0.9947
vn 0.1104 -0.0923 -0.9896
vn 0.1081 -0.1765 -0.9783
vn 0.1200 -0.0246 -0.9925
vn 0.1328 -0.0584 -0.9894
vn 0.1504 -0.1013 -0.9834
vn 0.1438 -0.1725 -0.9744
vn 0.1828 -0.0372 -0.9824
vn 0.1925 -0.0769 -0.9782
vn 0.2047 -0.1217 -0.9712
vn 0.1839 -0.1677 -0.9685
vn 0.0385 0.0220 0.9990
vn 0.1932 0.0461 0.9800
vn 0.1812 0.0299 0.9830
vn 0.6531 0.0356 0.7564
vn 0.5826 0.0449 0.8115
vn 0.9839 -0.0080 0.1786
vn 0.9472 0.0470 0.3172
vn 0.9775 -0.0460 -0.2056
vn 0.9970 0.0351 -0.0679
vn 0.0242 0.0416 0.9988
vn 0.2425 0.0923 0.9657
vn 0.8573 0.0270 0.5141
vn 0.9651 -0.0964 -0.2434
vn 0.8573 -0.1516 -0.4919
vn 0.0099 0.0960 0.9953
vn 0.4105 0.1772 0.8945
vn 0.9998 -0.0112 0.0190
vn 0.7226 -0.2273 -0.6528
vn 0.6496 -0.2953 -0.7006
vn 0.0077 0.2038 0.9790
vn 0.6600 0.3161 0.6814
vn 0.9349 -0.1405 -0.3258
vn 0.5458 -0.4245 -0.7224
vn 0.4400 -0.5725 -0.6919
vn 0.0452 0.0171 0.9988
vn 0.1788 0.0329 0.9833
vn 0.0469 0.0173 0.9987
vn 0.1770 0.0495 0.9829
vn 0.0435 0.0230 0.9988
vn 0.1663 0.0833 0.9825
vn 0.0340 0.0340 0.9988
vn 0.5781 0.0799 0.8120
vn 0.6058 0.1630 0.7787
vn 0.6153 0.3201 0.7204
vn 0.1326 0.1326 0.9822
vn 0.9460 0.1203 0.3009
vn 0.9509 0.2544 0.1761
vn 0.7046 0.7046 -0.0840
vn 0.5190 0.5190 0.6792
vn 0.9878 0.1239 -0.0945
vn 0.9373 0.2550 -0.2374
vn 0.8867 0.4623 0.0061
vn 0.6200 0.6200 -0.4807
vn 0.0108 0.0118 0.9998
vn -0.0001 0.0163 0.9998
vn -0.0017 0.0074 1.0000
vn -0.0112 0.0110 0.9998
vn -0.0114 0.0072 0.9999
vn -0.0044 0.0040 1.0000
vn -0.0073 0.0037 0.9999
vn 0.0154 0.0091 0.9998
vn 0.0035 0.0052 1.0000
vn -0.0009 0.0026 1.0000
vn -0.0031 0.0022 1.0000
vn 0.0159 0.0095 0.9998
vn 0.0055 0.0041 1.0000
vn 0.0009 0.0013 1.0000
vn -0.0010 0.0011 1.0000
vn 0.0128 0.0128 0.9998
vn 0.0049 0.0049 1.0000
vn 0.0012 0.0012 1.0000
vn 0.0000 0.0000 1.0000
vn -0.0001 0.0003 1.0000
vn -0.0425 0.0929 0.9948
vn -0.0621 0.2044 0.9769
vn -0.0653 0.4312 0.8999
vn 0.0380 0.4213 0.9061
vn -0.0283 0.0321 0.9991
vn -0.0199 0.0369 0.9991
vn -0.0494 0.0877 0.9949
vn -0.0697 0.2015 0.9770
vn -0.0809 0.4371 0.8957
vn -0.0247 0.0258 0.9994
vn -0.0463 0.0791 0.9958
vn -0.0787 0.1938 0.9778
vn -0.1046 0.4411 0.8913
vn -0.0163 0.0175 0.9997
vn -0.0435 0.0603 0.9972
vn -0.1218 0.1516 0.9809
vn -0.2655 0.4632 0.8455
vn -0.8522 0.1574 -0.4989
vn -0.9779 0.0829 -0.1920
vn -0.9362 0.1413 -0.3217
vn -0.9150 0.0970 -0.3915
vn -0.9935 0.0422 -0.1059
vn -0.9443 0.0518 -0.3249
vn -0.9920 -0.1170 -0.0468
vn -0.9399 -0.1144 -0.3217
vn -0.7070 -0.7070 -0.0172
vn -0.6321 0.1438 -0.7614
vn -0.6903 0.0903 -0.7178
vn -0.6973 0.0350 -0.7159
vn -0.6239 -0.0722 -0.7781
vn -0.6645 -0.6645 -0.3419
vn -0.3676 0.1076 -0.9237
vn -0.3890 0.0628 -0.9191
vn -0.2870 -0.0476 -0.9567
vn -0.1610 -0.1610 -0.9737
vn -0.4019 -0.4019 -0.8228
vn -0.3711 0.0046 -0.9286
vn -0.1017 -0.1017 -0.9896
vn -0.9890 0.0653 -0.1325
vn -0.9624 0.1146 -0.2463
vn -0.9953 0.0497 -0.0829
vn -0.9808 0.0887 -0.1734
vn -0.9981 0.0360 -0.0486
vn -0.9913 0.0651 -0.1144
vn -0.9993 0.0242 -0.0288
vn -0.9963 0.0449 -0.0727
vn -0.9974 0.0312 -0.0647
vn -0.9991 0.0227 -0.0337
vn -0.9998 0.0157 -0.0137
vn -0.9999 0.0085 -0.0020
vn -0.9919 -0.1240 -0.0257
vn -0.9917 -0.1283 -0.0107
vn -0.9898 -0.1418 0.0118
vn -0.9867 -0.1611 0.0222
vn -0.7071 -0.7071 -0.0095
vn -0.7071 -0.7071 -0.0040
vn -0.7041 -0.7041 0.0926
vn -0.7029 -0.7029 0.1092
vn -0.8411 0.2081 -0.4992
vn -0.8920 0.1791 -0.4149
vn -0.6985 0.2750 -0.6606
vn -0.7686 0.2485 -0.5894
vn -0.5447 0.3397 -0.7667
vn -0.6004 0.3424 -0.7226
vn -0.4064 0.4128 -0.8151
vn -0.9363 0.1490 -0.3180
vn -0.6648 0.3344 -0.6679
vn -0.4686 0.4610 -0.7536
vn -0.4435 0.4452 -0.7779
vn -0.9669 0.1082 -0.2310
vn -0.8453 0.2127 -0.4901
vn -0.7438 0.3011 -0.5967
vn -0.4778 0.4507 -0.7540
vn -0.9500 0.1396 -0.2791
vn -0.9016 0.1813 -0.3927
vn -0.8464 0.2342 -0.4782
vn -0.5725 0.4400 -0.6919
vn -0.7421 0.2196 -0.6333
vn -0.5468 0.1963 -0.8139
vn -0.3338 0.1512 -0.9304
vn -0.6037 0.2747 -0.7484
vn -0.4553 0.2429 -0.8565
vn -0.2983 0.1919 -0.9350
vn -0.4661 0.3232 -0.8236
vn -0.3663 0.2860 -0.8855
vn -0.2611 0.2325 -0.9369
vn -0.3471 0.3694 -0.8620
vn -0.2817 0.3193 -0.9048
vn -0.2133 0.2588 -0.9420
vn -0.1631 0.2145 -0.9630
vn 0.0028 0.7064 -0.7078
vn -0.0882 0.5289 -0.8440
vn -0.0998 0.6680 -0.7374
vn -0.1700 0.4833 -0.8588
vn -0.1957 0.5926 -0.7813
vn -0.2506 0.4276 -0.8685
vn -0.2899 0.5050 -0.8130
vn 0.0013 0.5510 -0.8345
vn -0.0708 0.3897 -0.9182
vn -0.1370 0.3724 -0.9179
vn -0.2054 0.3497 -0.9141
vn 0.0009 0.3970 -0.9178
vn -0.0528 0.2724 -0.9607
vn -0.1038 0.2732 -0.9563
vn -0.1566 0.2723 -0.9494
vn 0.0022 0.2706 -0.9626
vn 0.0073 0.8330 -0.5532
vn -0.1001 0.7836 -0.6131
vn 0.0154 0.9194 -0.3930
vn -0.0895 0.8700 -0.4848
vn 0.0251 0.9716 -0.2352
vn -0.0705 0.9325 -0.3542
vn 0.0351 0.9971 -0.0679
vn -0.2063 0.6858 -0.6979
vn -0.2001 0.7568 -0.6223
vn -0.1801 0.8116 -0.5557
vn -0.0460 0.9775 -0.2056
vn -0.3134 0.5674 -0.7614
vn -0.3154 0.6074 -0.7291
vn -0.3078 0.6320 -0.7111
vn -0.1516 0.8573 -0.4919
vn -0.2953 0.6496 -0.7006
vn 0.1239 0.8126 -0.5694
vn 0.1136 0.6862 -0.7184
vn 0.2157 0.6221 -0.7526
vn 0.2412 0.7361 -0.6324
vn 0.3157 0.5300 -0.7870
vn 0.3634 0.6233 -0.6924
vn 0.4221 0.4221 -0.8023
vn 0.1263 0.9031 -0.4103
vn 0.2541 0.8279 -0.5000
vn 0.3967 0.6998 -0.5940
vn 0.4926 0.4926 -0.7174
vn 0.1263 0.9584 -0.2558
vn 0.2571 0.8920 -0.3718
vn 0.4156 0.7599 -0.4997
vn 0.5465 0.5465 -0.6345
vn 0.1239 0.9878 -0.0945
vn 0.2550 0.9373 -0.2374
vn 0.4272 0.8090 -0.4037
vn 0.5875 0.5875 -0.5564
vn 0.0932 0.5343 -0.8401
vn 0.0730 0.3861 -0.9196
vn 0.0564 0.2640 -0.9629
vn 0.1787 0.4889 -0.8538
vn 0.1408 0.3621 -0.9214
vn 0.1080 0.2541 -0.9611
vn 0.2609 0.4238 -0.8673
vn 0.2073 0.3245 -0.9229
vn 0.1595 0.2371 -0.9583
vn 0.3440 0.3440 -0.8737
vn 0.2704 0.2704 -0.9240
vn 0.2046 0.2046 -0.9572
vn 0.1627 0.1627 -0.9731
vn 0.7064 0.0028 -0.7078
vn 0.5343 0.0932 -0.8401
vn 0.6862 0.1136 -0.7184
vn 0.4889 0.1787 -0.8538
vn 0.6221 0.2157 -0.7526
vn 0.4238 0.2609 -0.8673
vn 0.5300 0.3157 -0.7870
vn 0.5510 0.0013 -0.8345
vn 0.3861 0.0730 -0.9196
vn 0.3621 0.1408 -0.9214
vn 0.3245 0.2073 -0.9229
vn 0.3970 0.0009 -0.9178
vn 0.2640 0.0564 -0.9629
vn 0.2541 0.1080 -0.9611
vn 0.2371 0.1595 -0.9583
vn 0.2706 0.0022 -0.9626
vn 0.8126 0.1239 -0.5694
vn 0.8330 0.0073 -0.5532
vn 0.9031 0.1263 -0.4103
vn 0.9194 0.0154 -0.3930
vn 0.9584 0.1263 -0.2558
vn 0.9716 0.0251 -0.2352
vn 0.8279 0.2541 -0.5000
vn 0.8920 0.2571 -0.3718
vn 0.7361 0.2412 -0.6324
vn 0.6998 0.3967 -0.5940
vn 0.7599 0.4156 -0.4997
vn 0.8090 0.4272 -0.4037
vn 0.6233 0.3634 -0.6924
vn 0.6680 -0.0998 -0.7374
vn 0.7836 -0.1001 -0.6131
vn 0.5926 -0.1957 -0.7813
vn 0.6858 -0.2063 -0.6979
vn 0.5050 -0.2899 -0.8130
vn 0.5674 -0.3134 -0.7614
vn 0.4128 -0.4064 -0.8151
vn 0.8700 -0.0895 -0.4848
vn 0.7568 -0.2001 -0.6223
vn 0.6074 -0.3154 -0.7291
vn 0.4452 -0.4435 -0.7779
vn 0.9325 -0.0705 -0.3542
vn 0.8116 -0.1801 -0.5557
vn 0.6320 -0.3078 -0.7111
vn 0.4610 -0.4686 -0.7536
vn 0.4507 -0.4778 -0.7540
vn 0.5289 -0.0882 -0.8440
vn 0.3897 -0.0708 -0.9182
vn 0.2724 -0.0528 -0.9607
vn 0.4832 -0.1700 -0.8588
vn 0.3724 -0.1370 -0.9179
vn 0.2732 -0.1038 -0.9563
vn 0.4276 -0.2506 -0.8685
vn 0.3497 -0.2054 -0.9141
vn 0.2723 -0.1566 -0.9494
vn 0.3694 -0.3471 -0.8620
vn 0.2588 -0.2133 -0.9420
vn 0.2145 -0.1631 -0.9630
vn 0.1413 -0.9362 -0.3217
vn 0.0653 -0.9890 -0.1325
vn 0.0829 -0.9779 -0.1920
vn 0.0312 -0.9974 -0.0647
vn 0.0422 -0.9935 -0.1059
vn -0.1240 -0.9919 -0.0257
vn -0.1170 -0.9920 -0.0468
vn 0.1146 -0.9624 -0.2463
vn 0.0497 -0.9953 -0.0829
vn 0.0227 -0.9991 -0.0337
vn -0.1283 -0.9917 -0.0107
vn 0.0887 -0.9808 -0.1734
vn 0.0360 -0.9981 -0.0486
vn 0.0157 -0.9998 -0.0137
vn -0.1418 -0.9898 0.0118
vn 0.0651 -0.9913 -0.1144
vn 0.0242 -0.9993 -0.0288
vn 0.0085 -0.9999 -0.0020
vn -0.1612 -0.9867 0.0222
vn 0.1574 -0.8522 -0.4989
vn 0.0970 -0.9150 -0.3915
vn 0.1438 -0.6321 -0.7614
vn 0.0903 -0.6903 -0.7178
vn 0.1076 -0.3676 -0.9237
vn 0.0628 -0.3890 -0.9191
vn 0.0518 -0.9443 -0.3249
vn 0.0350 -0.6973 -0.7159
vn 0.0046 -0.3711 -0.9286
vn -0.1144 -0.9399 -0.3217
vn -0.0476 -0.2870 -0.9567
vn -0.0722 -0.6239 -0.7781
vn 0.2196 -0.7421 -0.6333
vn 0.2081 -0.8411 -0.4992
vn 0.2747 -0.6037 -0.7484
vn 0.2750 -0.6985 -0.6606
vn 0.3232 -0.4661 -0.8236
vn 0.3397 -0.5447 -0.7667
vn 0.1963 -0.5468 -0.8139
vn 0.2429 -0.4553 -0.8565
vn 0.2860 -0.3663 -0.8855
vn 0.3193 -0.2817 -0.9048
vn 0.1512 -0.3338 -0.9304
vn 0.1919 -0.2983 -0.9350
vn 0.2325 -0.2611 -0.9369
vn 0.1791 -0.8920 -0.4149
vn 0.1490 -0.9363 -0.3180
vn 0.1082 -0.9669 -0.2310
vn 0.0449 -0.9963 -0.0727
vn 0.2485 -0.7686 -0.5894
vn 0.2127 -0.8453 -0.4901
vn 0.1396 -0.9500 -0.2791
vn 0.0674 -0.9871 -0.1454
vn 0.3344 -0.6648 -0.6679
vn 0.3011 -0.7438 -0.5967
vn 0.1813 -0.9016 -0.3927
vn 0.2342 -0.8464 -0.4782
vn 0.3424 -0.6004 -0.7226
vn 0.0325 0.7298 0.6829
vn 0.0083 0.7150 0.6991
vn 0.1190 0.7403 0.6616
vn 0.2962 0.7148 0.6334
vn 0.7298 0.0325 0.6829
vn 0.7403 0.1190 0.6616
vn 0.7148 0.2962 0.6334
vn 0.5612 0.5612 0.6084
vn -0.0002 0.0000 1.0000
vn -0.0005 0.0000 1.0000
vn -0.0012 0.0004 1.0000
vn -0.0029 0.0020 1.0000
vn -0.0033 0.0015 1.0000
vn -0.0081 0.0083 0.9999
vn -0.0027 0.0006 1.0000
vn -0.0143 0.0083 0.9998
vn -0.0321 0.0311 0.9990
vn -0.0091 0.0016 0.9999
vn -0.0453 0.0166 0.9988
vn -0.0923 0.0584 0.9940
vn -0.0308 0.7160 0.6974
vn -0.1545 0.6965 0.7007
vn -0.3334 0.6119 0.7172
vn -0.0001 -0.0001 1.0000
vn 0.0000 -0.0002 1.0000
vn 0.0002 -0.0005 1.0000
vn 0.0004 -0.0012 1.0000
vn 0.0009 -0.0013 1.0000
vn 0.0015 -0.0033 1.0000
vn 0.0022 -0.0031 1.0000
vn 0.0037 -0.0073 0.9999
vn -0.0005 0.0002 1.0000
vn 0.0005 -0.0003 1.0000
vn 0.0011 -0.0010 1.0000
vn -0.0013 0.0009 1.0000
vn -0.0003 0.0005 1.0000
vn 0.0001 0.0001 1.0000
vn 0.0003 -0.0001 1.0000
vn 0.0000 -0.0005 1.0000
vn 0.0006 -0.0027 1.0000
vn 0.0016 -0.0091 0.9999
vn 0.7150 0.0083 0.6991
vn 0.0020 -0.0029 1.0000
vn 0.0083 -0.0143 0.9998
vn 0.0166 -0.0453 0.9988
vn 0.7160 -0.0308 0.6974
vn 0.0083 -0.0081 0.9999
vn 0.0311 -0.0321 0.9990
vn 0.0584 -0.0923 0.9940
vn 0.6965 -0.1545 0.7007
vn 0.0175 -0.0163 0.9997
vn 0.0603 -0.0435 0.9972
vn 0.1516 -0.1218 0.9809
vn 0.6119 -0.3334 0.7172
vn 0.9992 0.0380 0.0050
vn 0.9971 0.0715 -0.0251
vn 0.9995 0.0318 -0.0078
vn 0.9974 0.0616 -0.0357
vn 0.9996 0.0243 -0.0158
vn 0.9980 0.0507 -0.0379
vn 0.9997 0.0165 -0.0175
vn 0.9968 0.0795 -0.0079
vn 0.9813 0.1865 -0.0481
vn 0.9824 0.1758 -0.0626
vn 0.9843 0.1636 -0.0665
vn 0.9805 0.1950 -0.0249
vn 0.9123 0.4030 -0.0730
vn 0.9139 0.3952 -0.0921
vn 0.9176 0.3845 -0.1005
vn 0.7061 0.7061 -0.0520
vn 0.9115 0.4090 -0.0428
vn 0.7045 0.7045 -0.0863
vn 0.7029 0.7029 -0.1082
vn 0.7020 0.7020 -0.1204
vn 0.9994 0.0310 0.0133
vn 0.9997 0.0241 0.0046
vn 0.9994 0.0275 0.0198
vn 0.9995 0.0172 0.0258
vn 0.9992 0.0272 0.0294
vn 0.9941 0.0151 0.1068
vn 0.9984 0.0339 0.0443
vn 0.9984 -0.0217 0.0529
vn 0.9836 -0.0454 0.1747
vn 0.9979 0.0123 0.0640
vn 0.9535 -0.0374 0.2989
vn 0.9999 0.0094 0.0004
vn 0.9921 -0.0991 0.0771
vn 0.9316 -0.2071 0.2987
vn 0.7897 -0.1332 0.5988
vn 0.9999 -0.0123 -0.0005
vn 0.4632 -0.2655 0.8455
vn 0.9990 0.0346 0.0284
vn 0.9988 0.0426 0.0225
vn 0.9981 0.0376 0.0482
vn 0.9980 0.0459 0.0443
vn 0.9963 0.0405 0.0757
vn 0.9961 0.0484 0.0737
vn 0.9921 0.0440 0.1170
vn 0.9918 0.0507 0.1176
vn 0.9990 0.0311 0.0332
vn 0.9981 0.0339 0.0516
vn 0.9963 0.0371 0.0778
vn 0.9923 0.0416 0.1163
vn 0.9986 0.0337 0.0398
vn 0.9977 0.0370 0.0566
vn 0.9959 0.0398 0.0808
vn 0.9924 0.0443 0.1149
vn 0.9977 0.0435 0.0519
vn 0.9964 0.0497 0.0683
vn 0.9944 0.0516 0.0921
vn 0.9925 0.0500 0.1116
vn 0.9962 0.0852 0.0143
vn 0.9796 0.2010 0.0041
vn 0.7071 0.7071 -0.0109
vn 0.9952 0.0888 0.0401
vn 0.9782 0.2044 0.0356
vn 0.9108 0.4127 -0.0061
vn 0.7067 0.7067 0.0313
vn 0.9932 0.0910 0.0726
vn 0.9758 0.2060 0.0726
vn 0.9096 0.4142 0.0320
vn 0.9073 0.4139 0.0746
vn 0.9886 0.0924 0.1187
vn 0.9709 0.2059 0.1222
vn 0.9021 0.4117 0.1292
vn 0.7050 0.7050 0.0772
vn 0.0171 0.0452 0.9988
vn 0.0299 0.1812 0.9830
vn 0.0220 0.0385 0.9990
vn 0.0329 0.1788 0.9833
vn 0.0449 0.5826 0.8115
vn 0.0799 0.5781 0.8120
vn 0.0470 0.9472 0.3172
vn 0.1203 0.9460 0.3009
vn 0.0174 0.0469 0.9987
vn 0.0495 0.1770 0.9829
vn 0.1630 0.6058 0.7787
vn 0.2544 0.9509 0.1761
vn 0.0230 0.0435 0.9988
vn 0.0833 0.1663 0.9825
vn 0.3201 0.6153 0.7204
vn 0.4623 0.8867 0.0061
vn 0.0461 0.1932 0.9800
vn 0.0416 0.0242 0.9988
vn 0.0923 0.2425 0.9657
vn 0.0960 0.0099 0.9953
vn 0.1772 0.4105 0.8945
vn 0.2038 0.0077 0.9790
vn 0.3161 0.6600 0.6814
vn 0.4213 0.0380 0.9061
vn 0.0356 0.6531 0.7564
vn 0.0270 0.8573 0.5141
vn -0.0112 0.9998 0.0190
vn -0.1405 0.9349 -0.3258
vn -0.0080 0.9839 0.1786
vn -0.0964 0.9651 -0.2434
vn -0.2273 0.7226 -0.6528
vn -0.4245 0.5458 -0.7224
vn 0.0163 -0.0001 0.9998
vn 0.0321 -0.0283 0.9991
vn 0.0110 -0.0112 0.9998
vn 0.0258 -0.0247 0.9994
vn 0.0072 -0.0114 0.9999
vn 0.0929 -0.0425 0.9948
vn 0.0369 -0.0199 0.9991
vn 0.0877 -0.0494 0.9949
vn 0.0791 -0.0463 0.9958
vn 0.2044 -0.0621 0.9769
vn 0.2015 -0.0697 0.9770
vn 0.1938 -0.0787 0.9778
vn 0.4312 -0.0653 0.8999
vn 0.4371 -0.0809 0.8957
vn 0.4411 -0.1046 0.8913
vn 0.0118 0.0108 0.9998
vn 0.0091 0.0154 0.9998
vn 0.0095 0.0159 0.9998
vn 0.0074 -0.0017 1.0000
vn 0.0052 0.0035 1.0000
vn 0.0041 0.0055 1.0000
vn 0.0026 -0.0009 1.0000
vn 0.0013 0.0009 1.0000
vn 0.0040 -0.0044 1.0000
vn 0.0057 -0.9999 0.0074
vn 0.0025 -1.0000 0.0010
vn 0.0103 -0.9999 -0.0107
vn 0.0182 -0.9995 -0.0255
vn 0.0075 -0.9999 -0.0078
vn 0.0293 -0.9985 -0.0449
vn 0.0146 -0.9997 -0.0171
vn -0.0106 -0.9998 0.0156
vn -0.0001 -0.9999 0.0127
vn -0.0091 -0.9999 0.0078
vn -0.0058 -1.0000 0.0048
vn 0.0005 -1.0000 0.0032
vn -0.1783 -0.9838 0.0186
vn -0.1771 -0.9841 0.0139
vn -0.1734 -0.9846 0.0219
vn -0.1672 -0.9854 0.0303
vn -0.7069 -0.7069 0.0220
vn -0.7070 -0.7070 0.0191
vn -0.7066 -0.7066 0.0365
vn -0.7061 -0.7061 0.0529
vn 0.0100 -0.9999 -0.0017
vn 0.0142 -0.9995 -0.0274
vn 0.0173 -0.9998 -0.0128
vn 0.0259 -0.9983 -0.0529
vn 0.0330 -0.9992 -0.0219
vn 0.0519 -0.9941 -0.0951
vn 0.0851 -0.9963 -0.0125
vn 0.0293 -0.9978 -0.0592
vn 0.0416 -0.9924 -0.1155
vn 0.1468 -0.9407 -0.3058
vn 0.1028 -0.9863 -0.1287
vn 0.0473 -0.9951 -0.0867
vn 0.0824 -0.9798 -0.1823
vn 0.1000 -0.9724 -0.2109
vn 0.2604 -0.8224 -0.5058
vn 0.1556 -0.9323 -0.3263
vn 0.0076 -0.9997 0.0237
vn 0.0042 -0.9996 0.0265
vn 0.0079 -0.9985 0.0531
vn 0.0041 -0.9986 0.0522
vn 0.0101 -0.9959 0.0900
vn 0.0047 -0.9960 0.0889
vn 0.0136 -0.9900 0.1402
vn 0.0052 -0.9892 0.1465
vn 0.0139 -0.9997 0.0215
vn 0.0141 -0.9983 0.0571
vn 0.0175 -0.9951 0.0976
vn 0.0233 -0.9892 0.1445
vn 0.0278 -0.9993 0.0240
vn 0.0268 -0.9973 0.0678
vn 0.0295 -0.9931 0.1133
vn 0.0357 -0.9868 0.1575
vn 0.0698 -0.9963 0.0505
vn 0.0598 -0.9929 0.1028
vn 0.0532 -0.9874 0.1487
vn 0.0481 -0.9837 0.1731
vn -0.0009 -0.9996 0.0289
vn -0.1899 -0.9780 0.0860
vn -0.7013 -0.7013 0.1278
vn -0.0036 -0.9984 0.0555
vn -0.0128 -0.9991 0.0407
vn -0.0269 -0.9939 0.1071
vn -0.6494 -0.6494 0.3955
vn -0.0131 -0.9950 0.0988
vn -0.0668 -0.9778 0.1984
vn -0.2219 -0.9332 0.2824
vn -0.5557 -0.5557 0.6184
vn -0.0278 -0.9850 0.1698
vn -0.1172 -0.9548 0.2732
vn -0.2635 -0.8414 0.4718
vn -0.5543 -0.5543 0.6209
vn 0.0678 0.0034 0.9977
vn -0.0215 -0.6855 0.7277
vn 0.0251 -0.7346 0.6780
vn -0.0393 -0.8978 0.4386
vn 0.0084 -0.9250 0.3800
vn -0.0382 -0.9604 0.2760
vn 0.0054 -0.9720 0.2350
vn 0.0408 -0.0004 0.9991
vn -0.1017 -0.6164 0.7808
vn -0.1449 -0.8467 0.5118
vn -0.1465 -0.9238 0.3538
vn 0.0255 -0.0035 0.9997
vn -0.2207 -0.5198 0.8252
vn -0.3201 -0.7456 0.5845
vn -0.3413 -0.8126 0.4725
vn -0.3139 -0.8069 0.5003
vn -0.0110 -0.0110 0.9998
vn 0.0110 -0.0098 0.9999
vn -0.3795 -0.3795 0.8438
vn -0.5546 -0.5546 0.6203
vn -0.5950 -0.5950 0.5403
vn 0.1147 0.0057 0.9933
vn 0.0579 -0.7674 0.6384
vn 0.1836 0.0257 0.9826
vn 0.0999 -0.7859 0.6102
vn 0.2795 0.0830 0.9565
vn 0.1603 -0.7835 0.6003
vn 0.3981 0.2135 0.8921
vn 0.0280 -0.9386 0.3438
vn 0.0508 -0.9441 0.3256
vn 0.0802 -0.9431 0.3227
vn 0.2677 -0.7319 0.6266
vn 0.0184 -0.9764 0.2150
vn 0.0328 -0.9771 0.2101
vn 0.0501 -0.9748 0.2172
vn 0.1214 -0.9358 0.3310
vn 0.0726 -0.9715 0.2256
vn 0.0696 0.7574 0.6492
vn 0.0851 0.7837 0.6153
vn 0.0586 0.9439 0.3249
vn 0.0591 0.9498 0.3073
vn 0.0536 0.9805 0.1891
vn 0.0491 0.9818 0.1834
vn 0.0507 0.9918 0.1176
vn 0.1090 0.8118 0.5736
vn 0.0655 0.9548 0.2899
vn 0.0493 0.9829 0.1775
vn 0.0440 0.9921 0.1170
vn 0.1417 0.8466 0.5130
vn 0.0794 0.9603 0.2673
vn 0.0552 0.9840 0.1692
vn 0.0416 0.9923 0.1163
vn 0.1770 0.8913 0.4175
vn 0.0989 0.9691 0.2258
vn 0.0660 0.9867 0.1482
vn 0.0443 0.9924 0.1149
vn 0.0837 0.7255 0.6831
vn 0.1494 0.6770 0.7207
vn 0.2687 0.5896 0.7617
vn 0.4354 0.4354 0.7879
vn 0.0921 0.9347 0.3433
vn 0.1930 0.9091 0.3692
vn 0.3774 0.8334 0.4037
vn 0.6395 0.6395 0.4268
vn 0.0929 0.9764 0.1946
vn 0.2033 0.9575 0.2044
vn 0.4043 0.8878 0.2199
vn 0.6880 0.6880 0.2309
vn 0.0924 0.9886 0.1187
vn 0.2059 0.9709 0.1222
vn 0.4117 0.9021 0.1292
vn 0.7006 0.7006 0.1347
vn 0.0057 0.1147 0.9933
vn -0.7346 0.0251 0.6780
vn 0.0034 0.0678 0.9977
vn -0.7674 0.0579 0.6384
vn -0.9250 0.0084 0.3800
vn -0.9386 0.0280 0.3438
vn -0.9720 0.0054 0.2350
vn -0.9764 0.0184 0.2150
vn -0.9892 0.0052 0.1465
vn 0.0257 0.1836 0.9826
vn -0.7859 0.0999 0.6102
vn -0.9441 0.0508 0.3256
vn -0.9771 0.0328 0.2101
vn -0.9900 0.0136 0.1402
vn 0.0830 0.2795 0.9565
vn -0.7835 0.1603 0.6003
vn -0.9431 0.0802 0.3227
vn -0.9748 0.0501 0.2172
vn -0.9892 0.0233 0.1445
vn 0.2135 0.3981 0.8921
vn -0.7319 0.2677 0.6266
vn -0.9358 0.1214 0.3310
vn -0.9715 0.0726 0.2256
vn -0.9868 0.0357 0.1575
vn -0.6855 -0.0215 0.7277
vn -0.0004 0.0408 0.9991
vn -0.6164 -0.1017 0.7808
vn -0.0035 0.0255 0.9997
vn -0.5198 -0.2207 0.8252
vn -0.0098 0.0110 0.9999
vn -0.8978 -0.0393 0.4386
vn -0.8467 -0.1449 0.5118
vn -0.7456 -0.3201 0.5845
vn -0.9604 -0.0382 0.2760
vn -0.9238 -0.1465 0.3538
vn -0.8126 -0.3413 0.4725
vn -0.9850 -0.0278 0.1698
vn -0.9548 -0.1172 0.2732
vn -0.8069 -0.3139 0.5003
vn 0.7255 0.0837 0.6831
vn 0.7574 0.0696 0.6492
vn 0.9347 0.0921 0.3433
vn 0.9439 0.0586 0.3249
vn 0.9764 0.0929 0.1946
vn 0.9805 0.0536 0.1891
vn 0.6770 0.1494 0.7207
vn 0.9091 0.1930 0.3692
vn 0.9575 0.2033 0.2044
vn 0.5896 0.2687 0.7617
vn 0.8334 0.3774 0.4037
vn 0.8878 0.4043 0.2199
vn 0.7837 0.0851 0.6153
vn 0.8118 0.1090 0.5736
vn 0.8466 0.1417 0.5130
vn 0.9498 0.0591 0.3073
vn 0.9548 0.0655 0.2899
vn 0.9603 0.0794 0.2673
vn 0.8913 0.1770 0.4174
vn 0.9818 0.0491 0.1834
vn 0.9829 0.0493 0.1775
vn 0.9840 0.0552 0.1692
vn 0.9691 0.0989 0.2258
vn 0.9867 0.0660 0.1482
vn 0.9785 0.1496 0.1419
vn 0.9353 0.2494 0.2508
vn 0.9322 0.2933 0.2119
vn 0.9719 0.1049 0.2109
vn 0.8762 0.1942 0.4410
vn 0.9062 0.0423 0.4207
vn 0.6983 0.1150 0.7065
vn 0.7174 -0.0253 0.6961
vn 0.9913 0.0846 0.1008
vn 0.9835 0.0456 0.1751
vn 0.9200 -0.0073 0.3918
vn 0.7312 -0.0584 0.6796
vn 0.9963 0.0519 0.0686
vn 0.9896 0.0231 0.1421
vn 0.9325 -0.0222 0.3605
vn 0.7483 -0.0793 0.6586
vn 0.4887 0.7789 0.3930
vn 0.5900 0.7523 0.2930
vn -0.5791 0.7648 0.2823
vn -0.4950 0.8650 0.0815
vn -0.9737 0.2243 0.0404
vn -0.9568 0.2653 -0.1186
vn -0.9963 0.0851 -0.0125
vn 0.5690 0.7513 0.3342
vn -0.4404 0.8868 -0.1400
vn -0.8818 0.3233 -0.3432
vn -0.9863 0.1028 -0.1287
vn 0.4688 0.7506 0.4656
vn -0.3176 0.8957 -0.3112
vn -0.6947 0.4120 -0.5896
vn -0.9407 0.1468 -0.3058
vn -0.8224 0.2604 -0.5058
vn 0.2030 0.7943 0.5725
vn 0.8889 0.3502 0.2951
vn -0.1241 0.7018 0.7015
vn 0.7569 0.4317 0.4906
vn -0.5077 0.4863 0.7111
vn 0.4677 0.4707 0.7480
vn -0.7740 0.5213 0.3594
vn -0.8812 0.3099 0.3570
vn -0.9182 0.1910 0.3470
vn -0.9771 0.1728 0.1237
vn -0.9750 0.1314 0.1789
vn -0.9713 0.0994 0.2158
vn -0.9963 0.0698 0.0505
vn -0.9929 0.0598 0.1028
vn -0.9874 0.0532 0.1487
vn -0.9837 0.0481 0.1731
vn 0.9708 0.1771 0.1616
vn 0.9884 0.1060 0.1084
vn 0.9948 0.0682 0.0758
vn 0.9573 0.1942 0.2140
vn 0.9844 0.1156 0.1327
vn 0.9928 0.0757 0.0928
vn 0.9322 0.1972 0.3036
vn 0.9780 0.1139 0.1744
vn 0.9900 0.0752 0.1196
vn -0.9999 0.0100 -0.0017
vn -0.9999 0.0103 -0.0107
vn -0.9999 0.0057 0.0074
vn -0.9978 0.0293 -0.0592
vn -0.9995 0.0182 -0.0255
vn -0.9951 0.0473 -0.0867
vn -0.9985 0.0293 -0.0449
vn -0.9871 0.0674 -0.1454
vn -0.9998 0.0173 -0.0128
vn -0.9995 0.0142 -0.0274
vn -0.9983 0.0259 -0.0529
vn -0.9798 0.0824 -0.1823
vn -0.9992 0.0330 -0.0219
vn -0.9941 0.0519 -0.0951
vn -0.9924 0.0417 -0.1155
vn -0.9724 0.1000 -0.2109
vn -0.9323 0.1556 -0.3263
vn -1.0000 0.0025 0.0010
vn -0.9999 -0.0001 0.0127
vn -0.9998 -0.0106 0.0156
vn -0.9999 -0.0091 0.0078
vn -0.9838 -0.1783 0.0186
vn -0.9841 -0.1771 0.0139
vn -0.9999 0.0075 -0.0078
vn -1.0000 -0.0058 0.0048
vn -0.9846 -0.1734 0.0219
vn -0.9997 0.0146 -0.0171
vn -1.0000 0.0005 0.0032
vn -0.9854 -0.1672 0.0303
vn -0.9996 0.0042 0.0265
vn -0.9996 -0.0009 0.0289
vn -0.9986 0.0041 0.0522
vn -0.9984 -0.0036 0.0555
vn -0.9960 0.0047 0.0889
vn -0.9950 -0.0131 0.0988
vn -0.9991 -0.0128 0.0407
vn -0.9939 -0.0269 0.1071
vn -0.9778 -0.0668 0.1984
vn -0.9780 -0.1899 0.0860
vn -0.9332 -0.2219 0.2824
vn -0.8414 -0.2635 0.4718
vn -0.9997 0.0076 0.0237
vn -0.9997 0.0139 0.0215
vn -0.9993 0.0278 0.0240
vn -0.9985 0.0079 0.0531
vn -0.9983 0.0141 0.0571
vn -0.9973 0.0268 0.0678
vn -0.9959 0.0101 0.0900
vn -0.9951 0.0175 0.0976
vn -0.9931 0.0295 0.1133
vn 0.7789 0.4887 0.3930
vn 0.2494 0.9353 0.2508
vn 0.2933 0.9322 0.2119
vn 0.7523 0.5900 0.2930
vn 0.1942 0.8762 0.4410
vn 0.7513 0.5690 0.3342
vn 0.1150 0.6983 0.7065
vn 0.7506 0.4688 0.4656
vn 0.7648 -0.5791 0.2823
vn 0.8650 -0.4950 0.0815
vn 0.8868 -0.4404 -0.1400
vn 0.8957 -0.3176 -0.3112
vn 0.2243 -0.9737 0.0404
vn 0.2653 -0.9568 -0.1186
vn 0.3233 -0.8818 -0.3432
vn 0.4120 -0.6947 -0.5896
vn 0.1496 0.9785 0.1419
vn 0.1049 0.9719 0.2109
vn 0.0846 0.9913 0.1008
vn 0.0456 0.9835 0.1751
vn 0.0519 0.9963 0.0686
vn 0.0231 0.9896 0.1421
vn 0.0339 0.9984 0.0443
vn 0.0423 0.9062 0.4207
vn -0.0073 0.9200 0.3918
vn -0.0222 0.9325 0.3605
vn 0.0151 0.9941 0.1068
vn -0.0253 0.7174 0.6961
vn -0.0584 0.7312 0.6796
vn -0.0793 0.7483 0.6586
vn -0.0374 0.9535 0.2990
vn -0.1332 0.7897 0.5988
vn 0.1771 0.9708 0.1616
vn 0.3502 0.8889 0.2951
vn 0.1942 0.9573 0.2140
vn 0.4317 0.7569 0.4906
vn 0.1972 0.9322 0.3036
vn 0.4708 0.4677 0.7480
vn 0.1060 0.9884 0.1084
vn 0.1156 0.9844 0.1327
vn 0.1139 0.9780 0.1744
vn 0.0682 0.9948 0.0758
vn 0.0757 0.9928 0.0928
vn 0.0752 0.9900 0.1196
vn 0.0435 0.9977 0.0519
vn 0.0497 0.9964 0.0683
vn 0.0516 0.9944 0.0921
vn 0.0500 0.9925 0.1117
vn 0.7943 0.2030 0.5725
vn 0.5213 -0.7740 0.3594
vn 0.1728 -0.9771 0.1237
vn 0.7018 -0.1241 0.7015
vn 0.3099 -0.8812 0.3570
vn 0.1314 -0.9750 0.1789
vn 0.4863 -0.5077 0.7111
vn 0.1910 -0.9182 0.3470
vn 0.0994 -0.9713 0.2158
vn 0.0310 0.9994 0.0133
vn 0.0318 0.9995 -0.0078
vn 0.0380 0.9992 0.0050
vn 0.0241 0.9997 0.0046
vn 0.0243 0.9996 -0.0158
vn 0.0094 0.9999 0.0004
vn 0.0165 0.9997 -0.0175
vn 0.0275 0.9994 0.0198
vn -0.0217 0.9984 0.0529
vn -0.0991 0.9921 0.0771
vn -0.0123 0.9999 -0.0005
vn 0.0272 0.9992 0.0294
vn 0.0172 0.9995 0.0258
vn -0.0454 0.9836 0.1747
vn -0.2071 0.9316 0.2987
vn 0.0123 0.9979 0.0640
vn 0.0715 0.9971 -0.0251
vn 0.0795 0.9968 -0.0079
vn 0.1865 0.9813 -0.0481
vn 0.1950 0.9805 -0.0249
vn 0.4030 0.9123 -0.0730
vn 0.4090 0.9115 -0.0428
vn 0.0616 0.9974 -0.0357
vn 0.1758 0.9824 -0.0626
vn 0.3952 0.9139 -0.0921
vn 0.0507 0.9980 -0.0379
vn 0.1636 0.9843 -0.0665
vn 0.3845 0.9176 -0.1005
vn 0.0426 0.9988 0.0225
vn 0.0852 0.9962 0.0143
vn 0.0459 0.9980 0.0443
vn 0.0888 0.9952 0.0401
vn 0.0484 0.9961 0.0737
vn 0.0910 0.9932 0.0726
vn 0.2010 0.9796 0.0041
vn 0.2044 0.9782 0.0356
vn 0.2060 0.9758 0.0726
vn 0.4127 0.9108 -0.0061
vn 0.4142 0.9096 0.0320
vn 0.4139 0.9073 0.0746
vn 0.0346 0.9990 0.0284
vn 0.0311 0.9990 0.0332
vn 0.0338 0.9986 0.0398
vn 0.0376 0.9981 0.0482
vn 0.0339 0.9981 0.0516
vn 0.0370 0.9977 0.0566
vn 0.0405 0.9963 0.0757
vn 0.0371 0.9963 0.0778
vn 0.0398 0.9959 0.0808
usemtl Material
s 1
f 11/1/1 2/2/2 1/3/3
f 2/2/2 15/4/4 3/5/5
f 3/5/5 16/6/6 4/7/7
f 4/7/7 787/8/8 788/9/9
f 11/1/1 17/10/10 14/11/11
f 17/10/10 15/4/4 14/11/11
f 15/4/4 19/12/12 16/6/6
f 16/6/6 786/13/13 787/8/8
f 12/14/14 20/15/15 17/10/10
f 17/10/10 21/16/16 18/17/17
f 21/16/16 19/12/12 18/17/17
f 22/18/18 786/13/13 19/12/12
f 13/19/19 794/20/20 20/15/15
f 20/15/15 793/21/21 21/16/16
f 793/21/21 22/18/18 21/16/16
f 792/22/22 785/23/23 22/18/18
f 1/3/3 23/24/24 5/25/25
f 5/25/25 24/26/26 6/27/27
f 24/26/26 7/28/28 6/27/27
f 25/29/29 809/30/30 7/28/28
f 3/5/5 23/24/24 2/2/2
f 26/31/31 24/26/26 23/24/24
f 27/32/32 25/29/29 24/26/26
f 28/33/33 808/34/34 25/29/29
f 4/7/7 26/31/31 3/5/5
f 29/35/35 27/32/32 26/31/31
f 30/36/36 28/33/33 27/32/32
f 31/37/37 807/38/38 28/33/33
f 788/9/9 29/35/35 4/7/7
f 789/39/39 30/36/36 29/35/35
f 790/40/40 31/37/37 30/36/36
f 791/41/41 806/42/42 31/37/37
f 5/25/25 8/43/43 1/3/3
f 32/44/44 9/45/45 8/43/43
f 33/46/46 10/47/47 9/45/45
f 34/48/48 823/49/49 10/47/47
f 6/27/27 32/44/44 5/25/25
f 35/50/50 33/46/46 32/44/44
f 36/51/51 34/48/48 33/46/46
f 37/52/52 822/53/53 34/48/48
f 7/28/28 35/50/50 6/27/27
f 38/54/54 36/51/51 35/50/50
f 39/55/55 37/52/52 36/51/51
f 40/56/56 821/57/57 37/52/52
f 809/30/30 38/54/54 7/28/28
f 810/58/58 39/55/55 38/54/54
f 811/59/59 40/56/56 39/55/55
f 812/60/60 820/61/61 40/56/56
f 1/3/3 41/62/62 11/1/1
f 41/62/62 12/14/14 11/1/1
f 42/63/63 13/19/19 12/14/14
f 43/64/64 795/65/65 13/19/19
f 8/43/43 44/66/66 41/62/62
f 44/66/66 42/63/63 41/62/62
f 45/67/67 43/64/64 42/63/63
f 46/68/68 796/69/69 43/64/64
f 10/47/47 44/66/66 9/45/45
f 47/70/70 45/67/67 44/66/66
f 48/71/71 46/68/68 45/67/67
f 49/72/72 797/73/73 46/68/68
f 823/49/49 47/70/70 10/47/47
f 824/74/74 48/71/71 47/70/70
f 825/75/75 49/72/72 48/71/71
f 826/76/76 798/77/77 49/72/72
f 50/78/78 63/79/79 51/80/80
f 51/80/80 64/81/81 52/82/82
f 52/82/82 65/83/83 53/84/84
f 53/84/84 866/85/85 865/86/86
f 60/87/87 66/88/88 63/79/79
f 63/79/79 67/89/89 64/81/81
f 64/81/81 68/90/90 65/83/83
f 65/83/83 867/91/91 866/85/85
f 61/92/92 69/93/93 66/88/88
f 66/88/88 70/94/94 67/89/89
f 67/89/89 71/95/95 68/90/90
f 68/90/90 868/96/96 867/91/91
f 62/97/97 908/98/98 69/93/93
f 69/93/93 909/99/99 70/94/94
f 70/94/94 910/100/100 71/95/95
f 71/95/95 1016/101/101 868/96/96
f 51/80/80 54/102/102 50/78/78
f 72/103/103 55/104/104 54/102/102
f 73/105/105 56/106/106 55/104/104
f 74/107/107 900/108/108 56/106/106
f 52/82/82 72/103/103 51/80/80
f 75/109/109 73/105/105 72/103/103
f 76/110/110 74/107/107 73/105/105
f 77/111/111 899/112/112 74/107/107
f 53/84/84 75/109/109 52/82/82
f 78/113/113 76/110/110 75/109/109
f 79/114/114 77/111/111 76/110/110
f 77/111/111 897/115/115 898/116/116
f 865/86/86 78/113/113 53/84/84
f 864/117/117 79/114/114 78/113/113
f 863/118/118 80/119/119 79/114/114
f 80/119/119 1015/120/120 897/115/115
f 50/78/78 81/121/121 57/122/122
f 57/122/122 82/123/123 58/124/124
f 82/123/123 59/125/125 58/124/124
f 83/126/126 893/127/127 59/125/125
f 54/102/102 84/128/128 81/121/121
f 81/121/121 85/129/129 82/123/123
f 82/123/123 86/130/130 83/126/126
f 86/130/130 892/131/131 83/126/126
f 55/104/104 87/132/132 84/128/128
f 84/128/128 88/133/133 85/129/129
f 85/129/129 89/134/134 86/130/130
f 89/134/134 891/135/135 86/130/130
f 56/106/106 901/136/136 87/132/132
f 87/132/132 902/137/137 88/133/133
f 88/133/133 903/138/138 89/134/134
f 89/134/134 1020/139/139 890/140/140
f 57/122/122 60/87/87 50/78/78
f 60/87/87 91/141/141 61/92/92
f 61/92/92 92/142/142 62/97/97
f 62/97/97 906/143/143 907/144/144
f 57/122/122 93/145/145 90/146/146
f 90/146/146 94/147/147 91/141/141
f 91/141/141 95/148/148 92/142/142
f 92/142/142 905/149/149 906/143/143
f 58/124/124 96/150/150 93/145/145
f 93/145/145 97/151/151 94/147/147
f 94/147/147 98/152/152 95/148/148
f 95/148/148 904/153/153 905/149/149
f 59/125/125 894/154/154 96/150/150
f 96/150/150 895/155/155 97/151/151
f 97/151/151 896/156/156 98/152/152
f 98/152/152 1019/157/157 904/153/153
f 109/158/158 100/159/159 99/160/160
f 112/161/161 101/162/162 100/159/159
f 113/163/163 102/164/164 101/162/162
f 114/165/165 802/166/166 102/164/164
f 110/167/167 112/161/161 109/158/158
f 115/168/168 113/163/163 112/161/161
f 116/169/169 114/165/165 113/163/163
f 117/170/170 801/171/171 114/165/165
f 111/172/172 115/168/168 110/167/167
f 118/173/173 116/169/169 115/168/168
f 116/169/169 120/174/174 117/170/170
f 117/170/170 799/175/175 800/176/176
f 788/177/9 118/173/173 111/172/172
f 787/178/8 119/179/177 118/173/173
f 119/179/177 785/180/23 120/174/174
f 120/174/174 1009/181/178 799/175/175
f 99/160/160 121/182/179 103/183/180
f 103/183/180 122/184/181 104/185/182
f 104/185/182 123/186/183 105/187/184
f 105/187/184 843/188/185 844/189/186
f 100/159/159 124/190/187 121/182/179
f 121/182/179 125/191/188 122/184/181
f 122/184/181 126/192/189 123/186/183
f 123/186/183 842/193/190 843/188/185
f 101/162/162 127/194/191 124/190/187
f 124/190/187 128/195/192 125/191/188
f 125/191/188 129/196/193 126/192/189
f 126/192/189 841/197/194 842/193/190
f 102/164/164 803/198/195 127/194/191
f 127/194/191 804/199/196 128/195/192
f 128/195/192 805/200/197 129/196/193
f 129/196/193 1013/201/198 841/197/194
f 103/183/180 106/202/199 99/160/160
f 130/203/200 107/204/201 106/202/199
f 131/205/202 108/206/203 107/204/201
f 132/207/204 816/208/205 108/206/203
f 104/185/182 130/203/200 103/183/180
f 133/209/206 131/205/202 130/203/200
f 131/205/202 135/210/207 132/207/204
f 132/207/204 818/211/208 817/212/209
f 105/187/184 133/209/206 104/185/182
f 136/213/210 134/214/211 133/209/206
f 134/214/211 138/215/212 135/210/207
f 135/210/207 819/216/213 818/211/208
f 844/189/186 136/213/210 105/187/184
f 136/213/210 846/217/214 137/218/215
f 137/218/215 847/219/216 138/215/212
f 138/215/212 1014/220/217 819/216/213
f 99/160/160 139/221/218 109/158/158
f 109/158/158 140/222/219 110/167/167
f 110/167/167 141/223/220 111/172/172
f 111/172/172 789/224/39 788/177/9
f 106/202/199 142/225/221 139/221/218
f 139/221/218 143/226/222 140/222/219
f 140/222/219 144/227/223 141/223/220
f 141/223/220 790/228/40 789/224/39
f 107/204/201 145/229/224 142/225/221
f 142/225/221 146/230/225 143/226/222
f 143/226/222 147/231/226 144/227/223
f 144/227/223 791/232/41 790/228/40
f 108/206/203 815/233/227 145/229/224
f 145/229/224 814/234/228 146/230/225
f 146/230/225 813/235/229 147/231/226
f 147/231/226 1010/236/230 791/232/41
f 148/237/231 161/238/232 149/239/233
f 149/239/233 162/240/234 150/241/235
f 150/241/235 163/242/236 151/243/237
f 151/243/237 815/244/227 816/245/205
f 158/246/238 164/247/239 161/238/232
f 161/238/232 165/248/240 162/240/234
f 162/240/234 166/249/241 163/242/236
f 166/249/241 815/244/227 163/242/236
f 159/250/242 167/251/243 164/247/239
f 164/247/239 168/252/244 165/248/240
f 165/248/240 169/253/245 166/249/241
f 166/249/241 813/254/229 814/255/228
f 160/256/246 808/257/34 167/251/243
f 167/251/243 807/258/38 168/252/244
f 168/252/244 806/259/42 169/253/245
f 169/253/245 1010/260/230 813/254/229
f 149/239/233 152/261/247 148/237/231
f 170/262/248 153/263/249 152/261/247
f 171/264/250 154/265/251 153/263/249
f 172/266/252 858/267/253 154/265/251
f 150/241/235 170/262/248 149/239/233
f 173/268/254 171/264/250 170/262/248
f 174/269/255 172/266/252 171/264/250
f 175/270/256 857/271/257 172/266/252
f 151/243/237 173/268/254 150/241/235
f 176/272/258 174/269/255 173/268/254
f 177/273/259 175/270/256 174/269/255
f 178/274/260 856/275/261 175/270/256
f 816/245/205 176/272/258 151/243/237
f 817/276/209 177/273/259 176/272/258
f 818/277/208 178/274/260 177/273/259
f 819/278/213 855/279/262 178/274/260
f 148/237/231 179/280/263 155/281/264
f 179/280/263 156/282/265 155/281/264
f 180/283/266 157/284/267 156/282/265
f 181/285/268 830/286/269 157/284/267
f 152/261/247 182/287/270 179/280/263
f 179/280/263 183/288/271 180/283/266
f 180/283/266 184/289/272 181/285/268
f 184/289/272 831/290/273 181/285/268
f 153/263/249 185/291/274 182/287/270
f 182/287/270 186/292/275 183/288/271
f 183/288/271 187/293/276 184/289/272
f 187/293/276 832/294/277 184/289/272
f 154/265/251 859/295/278 185/291/274
f 185/291/274 860/296/279 186/292/275
f 186/292/275 861/297/280 187/293/276
f 861/297/280 833/298/281 187/293/276
f 148/237/231 188/299/282 158/246/238
f 158/246/238 189/300/283 159/250/242
f 159/250/242 190/301/284 160/256/246
f 160/256/246 810/302/58 809/303/30
f 155/281/264 191/304/285 188/299/282
f 188/299/282 192/305/286 189/300/283
f 189/300/283 193/306/287 190/301/284
f 190/301/284 811/307/59 810/302/58
f 156/282/265 194/308/288 191/304/285
f 191/304/285 195/309/289 192/305/286
f 192/305/286 196/310/290 193/306/287
f 193/306/287 812/311/60 811/307/59
f 157/284/267 829/312/291 194/308/288
f 194/308/288 828/313/292 195/309/289
f 195/309/289 827/314/293 196/310/290
f 196/310/290 1011/315/294 812/311/60
f 197/316/295 210/317/296 198/318/297
f 198/318/297 211/319/298 199/320/299
f 199/320/299 212/321/300 200/322/301
f 200/322/301 829/323/291 830/324/269
f 207/325/302 213/326/303 210/317/296
f 210/317/296 214/327/304 211/319/298
f 211/319/298 215/328/305 212/321/300
f 212/321/300 828/329/292 829/323/291
f 208/330/306 216/331/307 213/326/303
f 213/326/303 217/332/308 214/327/304
f 214/327/304 218/333/309 215/328/305
f 215/328/305 827/334/293 828/329/292
f 209/335/310 822/336/53 216/331/307
f 216/331/307 821/337/57 217/332/308
f 217/332/308 820/338/61 218/333/309
f 218/333/309 1011/339/294 827/334/293
f 197/316/295 219/340/311 201/341/312
f 201/341/312 220/342/313 202/343/314
f 202/343/314 221/344/315 203/345/316
f 203/345/316 864/346/117 865/347/86
f 199/320/299 219/340/311 198/318/297
f 219/340/311 223/348/317 220/342/313
f 220/342/313 224/349/318 221/344/315
f 221/344/315 863/350/118 864/346/117
f 200/322/301 222/351/319 199/320/299
f 222/351/319 226/352/320 223/348/317
f 223/348/317 227/353/321 224/349/318
f 224/349/318 862/354/322 863/350/118
f 830/324/269 225/355/323 200/322/301
f 831/356/273 226/352/320 225/355/323
f 832/357/277 227/353/321 226/352/320
f 833/358/281 862/354/322 227/353/321
f 201/341/312 204/359/324 197/316/295
f 228/360/325 205/361/326 204/359/324
f 229/362/327 206/363/328 205/361/326
f 230/364/329 837/365/330 206/363/328
f 202/343/314 228/360/325 201/341/312
f 231/366/331 229/362/327 228/360/325
f 232/367/332 230/364/329 229/362/327
f 233/368/333 838/369/334 230/364/329
f 203/345/316 231/366/331 202/343/314
f 234/370/335 232/367/332 231/366/331
f 235/371/336 233/368/333 232/367/332
f 236/372/337 839/373/338 233/368/333
f 865/347/86 234/370/335 203/345/316
f 866/374/85 235/371/336 234/370/335
f 867/375/91 236/372/337 235/371/336
f 868/376/96 840/377/339 236/372/337
f 197/316/295 237/378/340 207/325/302
f 207/325/302 238/379/341 208/330/306
f 208/330/306 239/380/342 209/335/310
f 209/335/310 824/381/74 823/382/49
f 204/359/324 240/383/343 237/378/340
f 237/378/340 241/384/344 238/379/341
f 238/379/341 242/385/345 239/380/342
f 239/380/342 825/386/75 824/381/74
f 205/361/326 243/387/346 240/383/343
f 240/383/343 244/388/347 241/384/344
f 241/384/344 245/389/348 242/385/345
f 242/385/345 826/390/76 825/386/75
f 206/363/328 836/391/349 243/387/346
f 836/391/349 244/388/347 243/387/346
f 244/388/347 834/392/350 245/389/348
f 245/389/348 1012/393/351 826/390/76
f 246/394/352 259/395/353 247/396/354
f 247/396/354 260/397/355 248/398/356
f 248/398/356 261/399/357 249/400/358
f 249/400/358 803/198/195 802/166/166
f 256/401/359 262/402/360 259/395/353
f 259/395/353 263/403/361 260/397/355
f 260/397/355 264/404/362 261/399/357
f 261/399/357 804/199/196 803/198/195
f 257/405/363 265/406/364 262/402/360
f 262/402/360 266/407/365 263/403/361
f 263/403/361 267/408/366 264/404/362
f 264/404/362 805/200/197 804/199/196
f 258/409/367 850/410/368 265/406/364
f 265/406/364 849/411/369 266/407/365
f 266/407/365 848/412/370 267/408/366
f 267/408/366 1013/201/198 805/200/197
f 247/396/354 250/413/371 246/394/352
f 268/414/372 251/415/373 250/413/371
f 269/416/374 252/417/375 251/415/373
f 270/418/376 795/419/65 252/417/375
f 248/398/356 268/414/372 247/396/354
f 271/420/377 269/416/374 268/414/372
f 272/421/378 270/418/376 269/416/374
f 273/422/379 794/423/20 270/418/376
f 249/400/358 271/420/377 248/398/356
f 274/424/380 272/421/378 271/420/377
f 272/421/378 276/425/381 273/422/379
f 273/422/379 792/426/22 793/427/21
f 802/166/166 274/424/380 249/400/358
f 801/171/171 275/428/382 274/424/380
f 275/428/382 799/175/175 276/425/381
f 276/425/381 1009/181/178 792/426/22
f 246/394/352 277/429/383 253/430/384
f 253/430/384 278/431/385 254/432/386
f 254/432/386 279/433/387 255/434/388
f 255/434/388 836/435/349 837/436/330
f 250/413/371 280/437/389 277/429/383
f 277/429/383 281/438/390 278/431/385
f 278/431/385 282/439/391 279/433/387
f 279/433/387 835/440/392 836/435/349
f 251/415/373 283/441/393 280/437/389
f 280/437/389 284/442/394 281/438/390
f 281/438/390 285/443/395 282/439/391
f 282/439/391 834/444/350 835/440/392
f 252/417/375 796/445/69 283/441/393
f 283/441/393 797/446/73 284/442/394
f 284/442/394 798/447/77 285/443/395
f 285/443/395 1012/448/351 834/444/350
f 253/430/384 256/401/359 246/394/352
f 286/449/396 257/405/363 256/401/359
f 287/450/397 258/409/367 257/405/363
f 288/451/398 851/452/399 258/409/367
f 254/432/386 286/449/396 253/430/384
f 289/453/400 287/450/397 286/449/396
f 290/454/401 288/451/398 287/450/397
f 288/451/398 853/455/402 852/456/403
f 255/434/388 289/453/400 254/432/386
f 289/453/400 293/457/404 290/454/401
f 290/454/401 294/458/405 291/459/406
f 291/459/406 854/460/407 853/455/402
f 837/436/330 292/461/408 255/434/388
f 292/461/408 839/462/338 293/457/404
f 293/457/404 840/463/339 294/458/405
f 294/458/405 1016/464/101 854/460/407
f 295/465/139 308/466/139 296/467/139
f 296/467/139 309/468/139 297/469/139
f 297/469/139 310/470/139 298/471/139
f 298/471/139 878/472/409 879/473/410
f 305/474/139 311/475/139 308/466/139
f 308/466/139 312/476/139 309/468/139
f 309/468/139 313/477/139 310/470/139
f 310/470/139 877/478/411 878/472/409
f 306/479/139 314/480/139 311/475/139
f 311/475/139 315/481/139 312/476/139
f 312/476/139 316/482/139 313/477/139
f 313/477/139 876/483/412 877/478/411
f 307/484/139 871/485/413 314/480/139
f 314/480/139 870/486/414 315/481/139
f 315/481/139 869/487/415 316/482/139
f 316/482/139 1017/488/416 876/483/412
f 296/467/139 299/489/417 295/465/139
f 317/490/418 300/491/419 299/489/417
f 318/492/420 301/493/421 300/491/419
f 319/494/422 893/127/127 301/493/421
f 297/469/139 317/490/418 296/467/139
f 320/495/423 318/492/420 317/490/418
f 321/496/424 319/494/422 318/492/420
f 322/497/425 894/154/154 319/494/422
f 298/471/139 320/495/423 297/469/139
f 323/498/426 321/496/424 320/495/423
f 324/499/427 322/497/425 321/496/424
f 325/500/428 895/155/155 322/497/425
f 879/473/410 323/498/426 298/471/139
f 880/501/429 324/499/427 323/498/426
f 881/502/430 325/500/428 324/499/427
f 882/503/431 896/156/156 325/500/428
f 295/465/139 326/504/432 302/505/433
f 302/505/433 327/506/434 303/507/435
f 303/507/435 328/508/436 304/509/437
f 304/509/437 887/510/438 886/511/439
f 299/489/417 329/512/440 326/504/432
f 326/504/432 330/513/139 327/506/434
f 327/506/434 331/514/441 328/508/436
f 328/508/436 888/515/442 887/510/438
f 300/491/419 332/516/443 329/512/440
f 329/512/440 333/517/444 330/513/139
f 330/513/139 334/518/445 331/514/441
f 331/514/441 889/519/446 888/515/442
f 301/493/421 892/131/131 332/516/443
f 332/516/443 891/135/135 333/517/444
f 333/517/444 890/140/140 334/518/445
f 334/518/445 1020/139/139 889/519/446
f 302/505/433 305/474/139 295/465/139
f 335/520/447 306/479/139 305/474/139
f 336/521/448 307/484/139 306/479/139
f 337/522/449 872/523/450 307/484/139
f 303/507/435 335/520/447 302/505/433
f 338/524/451 336/521/448 335/520/447
f 339/525/452 337/522/449 336/521/448
f 340/526/453 873/527/454 337/522/449
f 304/509/437 338/524/451 303/507/435
f 341/528/455 339/525/452 338/524/451
f 342/529/456 340/526/453 339/525/452
f 343/530/457 874/531/458 340/526/453
f 886/511/439 341/528/455 304/509/437
f 885/532/459 342/529/456 341/528/455
f 884/533/460 343/530/457 342/529/456
f 883/534/461 875/535/462 343/530/457
f 344/536/463 357/537/464 345/538/465
f 345/538/465 358/539/466 346/540/467
f 346/540/467 359/541/468 347/542/469
f 359/541/468 872/543/450 347/542/469
f 354/544/470 360/545/471 357/537/464
f 357/537/464 361/546/472 358/539/466
f 358/539/466 362/547/473 359/541/468
f 362/547/473 871/548/413 359/541/468
f 355/549/474 363/550/475 360/545/471
f 360/545/471 364/551/476 361/546/472
f 361/546/472 365/552/477 362/547/473
f 365/552/477 870/553/414 362/547/473
f 991/554/478 363/550/475 356/555/479
f 992/556/480 364/551/476 363/550/475
f 993/557/481 365/552/477 364/551/476
f 994/558/482 869/559/415 365/552/477
f 345/538/465 348/560/483 344/536/463
f 366/561/484 349/562/485 348/560/483
f 367/563/486 350/564/487 349/562/485
f 350/564/487 983/565/488 984/566/489
f 346/540/467 366/561/484 345/538/465
f 366/561/484 370/567/490 367/563/486
f 367/563/486 371/568/491 368/569/492
f 368/569/492 982/570/493 983/565/488
f 347/542/469 369/571/494 346/540/467
f 369/571/494 373/572/495 370/567/490
f 370/567/490 374/573/496 371/568/491
f 371/568/491 981/574/497 982/570/493
f 347/542/469 873/575/454 372/576/498
f 372/576/498 874/577/458 373/572/495
f 373/572/495 875/578/462 374/573/496
f 374/573/496 1018/579/499 981/574/497
f 344/536/463 375/580/500 351/581/501
f 351/581/501 376/582/502 352/583/503
f 352/583/503 377/584/504 353/585/505
f 353/585/505 943/586/506 942/587/507
f 348/560/483 378/588/508 375/580/500
f 375/580/500 379/589/509 376/582/502
f 376/582/502 380/590/510 377/584/504
f 377/584/504 944/591/511 943/586/506
f 349/562/485 381/592/512 378/588/508
f 378/588/508 382/593/513 379/589/509
f 379/589/509 383/594/514 380/590/510
f 380/590/510 945/595/515 944/591/511
f 350/564/487 985/596/516 381/592/512
f 381/592/512 986/597/517 382/593/513
f 382/593/513 987/598/518 383/594/514
f 383/594/514 1025/599/519 945/595/515
f 351/581/501 354/544/470 344/536/463
f 384/600/520 355/549/474 354/544/470
f 385/601/521 356/555/479 355/549/474
f 356/555/479 990/602/522 991/554/478
f 352/583/503 384/600/520 351/581/501
f 387/603/523 385/601/521 384/600/520
f 388/604/524 386/605/525 385/601/521
f 386/605/525 989/606/526 990/602/522
f 353/585/505 387/603/523 352/583/503
f 390/607/527 388/604/524 387/603/523
f 391/608/528 389/609/529 388/604/524
f 392/610/530 989/606/526 389/609/529
f 942/587/507 390/607/527 353/585/505
f 941/611/531 391/608/528 390/607/527
f 940/612/532 392/610/530 391/608/528
f 939/613/533 988/614/534 392/610/530
f 403/615/535 394/616/536 393/617/537
f 406/618/538 395/619/539 394/616/536
f 407/620/540 396/621/541 395/619/539
f 408/622/542 858/623/253 396/621/541
f 404/624/543 406/618/538 403/615/535
f 409/625/544 407/620/540 406/618/538
f 410/626/545 408/622/542 407/620/540
f 411/627/546 859/628/278 408/622/542
f 405/629/547 409/625/544 404/624/543
f 412/630/548 410/626/545 409/625/544
f 413/631/549 411/627/546 410/626/545
f 414/632/550 860/633/279 411/627/546
f 900/108/108 412/630/548 405/629/547
f 899/112/112 413/631/549 412/630/548
f 413/631/549 897/115/115 414/632/550
f 414/632/550 1015/120/120 861/634/280
f 393/617/537 415/635/551 397/636/552
f 397/636/552 416/637/553 398/638/554
f 398/638/554 417/639/555 399/640/556
f 399/640/556 920/641/557 921/642/558
f 394/616/536 418/643/559 415/635/551
f 415/635/551 419/644/560 416/637/553
f 416/637/553 420/645/561 417/639/555
f 417/639/555 919/646/562 920/641/557
f 395/619/539 421/647/563 418/643/559
f 418/643/559 422/648/564 419/644/560
f 419/644/560 423/649/565 420/645/561
f 420/645/561 918/650/566 919/646/562
f 396/621/541 857/651/257 421/647/563
f 421/647/563 856/652/261 422/648/564
f 422/648/564 855/653/262 423/649/565
f 423/649/565 1014/654/217 918/650/566
f 397/636/552 400/655/567 393/617/537
f 400/655/567 425/656/568 401/657/569
f 401/657/569 426/658/570 402/659/571
f 402/659/571 885/532/459 886/511/439
f 397/636/552 427/660/572 424/661/573
f 424/661/573 428/662/574 425/656/568
f 425/656/568 429/663/575 426/658/570
f 426/658/570 884/533/460 885/532/459
f 398/638/554 430/664/576 427/660/572
f 427/660/572 431/665/577 428/662/574
f 428/662/574 432/666/578 429/663/575
f 429/663/575 883/534/461 884/533/460
f 399/640/556 922/667/579 430/664/576
f 430/664/576 923/668/580 431/665/577
f 431/665/577 924/669/581 432/666/578
f 432/666/578 1018/670/499 883/534/461
f 393/617/537 433/671/582 403/615/535
f 403/615/535 434/672/583 404/624/543
f 404/624/543 435/673/584 405/629/547
f 405/629/547 901/136/136 900/108/108
f 400/655/567 436/674/585 433/671/582
f 433/671/582 437/675/586 434/672/583
f 434/672/583 438/676/587 435/673/584
f 435/673/584 902/137/137 901/136/136
f 402/659/571 436/674/585 401/657/569
f 436/674/585 440/677/588 437/675/586
f 437/675/586 441/678/589 438/676/587
f 438/676/587 903/138/138 902/137/137
f 886/511/439 439/679/590 402/659/571
f 887/510/438 440/677/588 439/679/590
f 888/515/442 441/678/589 440/677/588
f 441/678/589 1020/139/139 903/138/138
f 442/680/591 455/681/592 443/682/593
f 455/681/592 444/683/594 443/682/593
f 456/684/595 445/685/596 444/683/594
f 457/686/597 851/452/399 445/685/596
f 453/687/598 455/681/592 452/688/599
f 458/689/600 456/684/595 455/681/592
f 459/690/601 457/686/597 456/684/595
f 460/691/602 850/410/368 457/686/597
f 454/692/603 458/689/600 453/687/598
f 461/693/604 459/690/601 458/689/600
f 462/694/605 460/691/602 459/690/601
f 463/695/606 849/411/369 460/691/602
f 977/696/607 461/693/604 454/692/603
f 978/697/608 462/694/605 461/693/604
f 979/698/609 463/695/606 462/694/605
f 980/699/610 848/412/370 463/695/606
f 443/682/593 446/700/611 442/680/591
f 464/701/612 447/702/613 446/700/611
f 465/703/614 448/704/615 447/702/613
f 466/705/616 914/706/617 448/704/615
f 443/682/593 467/707/618 464/701/612
f 467/707/618 465/703/614 464/701/612
f 468/708/619 466/705/616 465/703/614
f 466/705/616 912/709/620 913/710/621
f 444/683/594 470/711/622 467/707/618
f 467/707/618 471/712/623 468/708/619
f 471/712/623 469/713/624 468/708/619
f 469/713/624 911/714/625 912/709/620
f 445/685/596 852/456/403 470/711/622
f 852/456/403 471/712/623 470/711/622
f 853/455/402 472/715/626 471/712/623
f 854/460/407 911/714/625 472/715/626
f 442/680/591 473/716/627 449/717/628
f 449/717/628 474/718/629 450/719/630
f 450/719/630 475/720/631 451/721/632
f 451/721/632 936/722/633 935/723/634
f 446/700/611 476/724/635 473/716/627
f 473/716/627 477/725/636 474/718/629
f 474/718/629 478/726/637 475/720/631
f 475/720/631 937/727/638 936/722/633
f 447/702/613 479/728/639 476/724/635
f 476/724/635 480/729/640 477/725/636
f 477/725/636 481/730/641 478/726/637
f 478/726/637 938/731/642 937/727/638
f 448/704/615 915/732/643 479/728/639
f 479/728/639 916/733/644 480/729/640
f 480/729/640 917/734/645 481/730/641
f 481/730/641 1023/735/646 938/731/642
f 449/717/628 452/688/599 442/680/591
f 482/736/647 453/687/598 452/688/599
f 453/687/598 484/737/648 454/692/603
f 454/692/603 976/738/649 977/696/607
f 450/719/630 482/736/647 449/717/628
f 485/739/650 483/740/651 482/736/647
f 486/741/652 484/737/648 483/740/651
f 484/737/648 975/742/653 976/738/649
f 451/721/632 485/739/650 450/719/630
f 488/743/654 486/741/652 485/739/650
f 489/744/655 487/745/656 486/741/652
f 487/745/656 974/746/657 975/742/653
f 935/723/634 488/743/654 451/721/632
f 934/747/658 489/744/655 488/743/654
f 933/748/659 490/749/660 489/744/655
f 490/749/660 1021/750/661 974/746/657
f 491/751/662 504/752/663 492/753/664
f 492/753/664 505/754/665 493/755/666
f 493/755/666 506/756/667 494/757/668
f 494/757/668 934/758/658 935/759/634
f 501/760/669 507/761/670 504/752/663
f 504/752/663 508/762/671 505/754/665
f 505/754/665 509/763/672 506/756/667
f 506/756/667 933/764/659 934/758/658
f 502/765/673 510/766/674 507/761/670
f 507/761/670 511/767/675 508/762/671
f 508/762/671 512/768/676 509/763/672
f 509/763/672 932/769/677 933/764/659
f 963/770/678 510/766/674 503/771/679
f 964/772/680 511/767/675 510/766/674
f 965/773/681 512/768/676 511/767/675
f 966/774/682 932/769/677 512/768/676
f 492/753/664 495/775/683 491/751/662
f 513/776/684 496/777/685 495/775/683
f 514/778/686 497/779/687 496/777/685
f 515/780/688 956/781/689 497/779/687
f 493/755/666 513/776/684 492/753/664
f 516/782/690 514/778/686 513/776/684
f 517/783/691 515/780/688 514/778/686
f 518/784/692 957/785/693 515/780/688
f 494/757/668 516/782/690 493/755/666
f 519/786/694 517/783/691 516/782/690
f 520/787/695 518/784/692 517/783/691
f 521/788/696 958/789/697 518/784/692
f 935/759/634 519/786/694 494/757/668
f 936/790/633 520/787/695 519/786/694
f 937/791/638 521/788/696 520/787/695
f 938/792/642 959/793/698 521/788/696
f 495/775/683 498/794/699 491/751/662
f 522/795/700 499/796/701 498/794/699
f 523/797/702 500/798/703 499/796/701
f 524/799/704 949/800/705 500/798/703
f 496/777/685 522/795/700 495/775/683
f 525/801/706 523/797/702 522/795/700
f 526/802/707 524/799/704 523/797/702
f 527/803/708 950/804/709 524/799/704
f 497/779/687 525/801/706 496/777/685
f 528/805/710 526/802/707 525/801/706
f 529/806/711 527/803/708 526/802/707
f 530/807/712 951/808/713 527/803/708
f 956/781/689 528/805/710 497/779/687
f 955/809/714 529/806/711 528/805/710
f 954/810/715 530/807/712 529/806/711
f 953/811/716 952/812/717 530/807/712
f 491/751/662 531/813/718 501/760/669
f 501/760/669 532/814/719 502/765/673
f 502/765/673 533/815/720 503/771/679
f 503/771/679 962/816/721 963/770/678
f 498/794/699 534/817/722 531/813/718
f 531/813/718 535/818/723 532/814/719
f 532/814/719 536/819/724 533/815/720
f 533/815/720 961/820/725 962/816/721
f 499/796/701 537/821/726 534/817/722
f 534/817/722 538/822/727 535/818/723
f 535/818/723 539/823/728 536/819/724
f 536/819/724 960/824/729 961/820/725
f 500/798/703 948/825/730 537/821/726
f 537/821/726 947/826/731 538/822/727
f 538/822/727 946/827/732 539/823/728
f 539/823/728 1024/828/733 960/824/729
f 550/829/734 541/830/735 540/831/736
f 553/832/737 542/833/738 541/830/735
f 554/834/739 543/835/740 542/833/738
f 555/836/741 928/837/742 543/835/740
f 551/838/743 553/832/737 550/829/734
f 556/839/744 554/834/739 553/832/737
f 557/840/745 555/836/741 554/834/739
f 558/841/746 929/842/747 555/836/741
f 552/843/748 556/839/744 551/838/743
f 559/844/749 557/840/745 556/839/744
f 560/845/750 558/841/746 557/840/745
f 561/846/751 930/847/752 558/841/746
f 970/848/753 559/844/749 552/843/748
f 969/849/754 560/845/750 559/844/749
f 968/850/755 561/846/751 560/845/750
f 967/851/756 931/852/757 561/846/751
f 540/831/736 562/853/758 544/854/759
f 544/854/759 563/855/760 545/856/761
f 545/856/761 564/857/762 546/858/763
f 564/857/762 963/770/678 546/858/763
f 541/830/735 565/859/764 562/853/758
f 562/853/758 566/860/765 563/855/760
f 563/855/760 567/861/766 564/857/762
f 567/861/766 964/772/680 564/857/762
f 542/833/738 568/862/767 565/859/764
f 565/859/764 569/863/768 566/860/765
f 566/860/765 570/864/769 567/861/766
f 570/864/769 965/773/681 567/861/766
f 543/835/740 927/865/770 568/862/767
f 568/862/767 926/866/771 569/863/768
f 569/863/768 925/867/772 570/864/769
f 925/867/772 966/774/682 570/864/769
f 540/831/736 571/868/773 547/869/774
f 547/869/774 572/870/775 548/871/776
f 548/871/776 573/872/777 549/873/778
f 549/873/778 941/874/531 942/875/507
f 544/854/759 574/876/779 571/868/773
f 571/868/773 575/877/780 572/870/775
f 572/870/775 576/878/781 573/872/777
f 573/872/777 940/879/532 941/874/531
f 545/856/761 577/880/782 574/876/779
f 574/876/779 578/881/783 575/877/780
f 575/877/780 579/882/784 576/878/781
f 576/878/781 939/883/533 940/879/532
f 546/858/763 962/816/721 577/880/782
f 577/880/782 961/820/725 578/881/783
f 578/881/783 960/824/729 579/882/784
f 579/882/784 1024/828/733 939/883/533
f 547/869/774 550/829/734 540/831/736
f 580/884/785 551/838/743 550/829/734
f 581/885/786 552/843/748 551/838/743
f 582/886/787 970/848/753 552/843/748
f 548/871/776 580/884/785 547/869/774
f 583/887/788 581/885/786 580/884/785
f 584/888/789 582/886/787 581/885/786
f 585/889/790 971/890/791 582/886/787
f 549/873/778 583/887/788 548/871/776
f 586/891/792 584/888/789 583/887/788
f 587/892/793 585/889/790 584/888/789
f 588/893/794 972/894/795 585/889/790
f 942/875/507 586/891/792 549/873/778
f 943/895/506 587/892/793 586/891/792
f 944/896/511 588/893/794 587/892/793
f 945/897/515 973/898/796 588/893/794
f 599/899/797 590/900/798 589/901/799
f 602/902/800 591/903/801 590/900/798
f 603/904/802 592/905/803 591/903/801
f 604/906/804 921/907/558 592/905/803
f 600/908/805 602/902/800 599/899/797
f 605/909/806 603/904/802 602/902/800
f 606/910/807 604/906/804 603/904/802
f 607/911/808 922/912/579 604/906/804
f 601/913/809 605/909/806 600/908/805
f 608/914/810 606/910/807 605/909/806
f 609/915/811 607/911/808 606/910/807
f 610/916/812 923/917/580 607/911/808
f 984/566/489 608/914/810 601/913/809
f 983/565/488 609/915/811 608/914/810
f 982/570/493 610/916/812 609/915/811
f 981/574/497 924/918/581 610/916/812
f 590/900/798 593/919/813 589/901/799
f 611/920/814 594/921/815 593/919/813
f 612/922/816 595/923/817 594/921/815
f 613/924/818 998/925/819 595/923/817
f 591/903/801 611/920/814 590/900/798
f 614/926/820 612/922/816 611/920/814
f 615/927/821 613/924/818 612/922/816
f 616/928/822 997/929/823 613/924/818
f 592/905/803 614/926/820 591/903/801
f 617/930/824 615/927/821 614/926/820
f 618/931/825 616/928/822 615/927/821
f 619/932/826 996/933/827 616/928/822
f 921/907/558 617/930/824 592/905/803
f 920/934/557 618/931/825 617/930/824
f 919/935/562 619/932/826 618/931/825
f 918/936/566 995/937/828 619/932/826
f 589/901/799 620/938/829 596/939/830
f 596/939/830 621/940/831 597/941/832
f 597/941/832 622/942/833 598/943/834
f 598/943/834 969/944/754 970/945/753
f 593/919/813 623/946/835 620/938/829
f 620/938/829 624/947/836 621/940/831
f 621/940/831 625/948/837 622/942/833
f 622/942/833 968/949/755 969/944/754
f 594/921/815 626/950/838 623/946/835
f 623/946/835 627/951/839 624/947/836
f 624/947/836 628/952/840 625/948/837
f 625/948/837 967/953/756 968/949/755
f 595/923/817 999/954/841 626/950/838
f 626/950/838 1000/955/842 627/951/839
f 627/951/839 1001/956/843 628/952/840
f 628/952/840 1022/957/844 967/953/756
f 589/901/799 629/958/845 599/899/797
f 599/899/797 630/959/846 600/908/805
f 600/908/805 631/960/847 601/913/809
f 601/913/809 985/596/516 984/566/489
f 596/939/830 632/961/848 629/958/845
f 629/958/845 633/962/849 630/959/846
f 630/959/846 634/963/850 631/960/847
f 631/960/847 986/597/517 985/596/516
f 597/941/832 635/964/851 632/961/848
f 632/961/848 636/965/852 633/962/849
f 633/962/849 637/966/853 634/963/850
f 634/963/850 987/598/518 986/597/517
f 598/943/834 971/967/791 635/964/851
f 635/964/851 972/968/795 636/965/852
f 636/965/852 973/969/796 637/966/853
f 637/966/853 1025/599/519 987/598/518
f 648/970/854 639/971/855 638/972/856
f 639/971/855 652/973/857 640/974/858
f 640/974/858 653/975/859 641/976/860
f 641/976/860 845/977/861 844/189/186
f 649/978/862 651/979/863 648/970/854
f 654/980/864 652/973/857 651/979/863
f 652/973/857 656/981/865 653/975/859
f 656/981/865 845/977/861 653/975/859
f 650/982/866 654/980/864 649/978/862
f 657/983/867 655/984/868 654/980/864
f 658/985/869 656/981/865 655/984/868
f 659/986/870 846/217/214 656/981/865
f 998/987/819 657/983/867 650/982/866
f 657/983/867 996/988/827 658/985/869
f 658/985/869 995/989/828 659/986/870
f 995/989/828 847/219/216 659/986/870
f 638/972/856 660/990/871 642/991/872
f 660/990/871 643/992/873 642/991/872
f 661/993/874 644/994/875 643/992/873
f 662/995/876 977/696/607 644/994/875
f 640/974/858 660/990/871 639/971/855
f 663/996/877 661/993/874 660/990/871
f 664/997/878 662/995/876 661/993/874
f 665/998/879 978/697/608 662/995/876
f 641/976/860 663/996/877 640/974/858
f 666/999/880 664/997/878 663/996/877
f 667/1000/881 665/998/879 664/997/878
f 668/1001/882 979/698/609 665/998/879
f 844/189/186 666/999/880 641/976/860
f 843/188/185 667/1000/881 666/999/880
f 842/193/190 668/1001/882 667/1000/881
f 841/197/194 980/699/610 668/1001/882
f 642/991/872 645/1002/883 638/972/856
f 669/1003/884 646/1004/885 645/1002/883
f 670/1005/886 647/1006/887 646/1004/885
f 671/1007/888 928/1008/742 647/1006/887
f 643/992/873 669/1003/884 642/991/872
f 672/1009/889 670/1005/886 669/1003/884
f 673/1010/890 671/1007/888 670/1005/886
f 674/1011/891 927/1012/770 671/1007/888
f 643/992/873 675/1013/892 672/1009/889
f 675/1013/892 673/1010/890 672/1009/889
f 676/1014/893 674/1011/891 673/1010/890
f 677/1015/894 926/1016/771 674/1011/891
f 644/994/875 976/738/649 675/1013/892
f 675/1013/892 975/742/653 676/1014/893
f 676/1014/893 974/746/657 677/1015/894
f 677/1015/894 1021/750/661 925/1017/772
f 638/972/856 678/1018/895 648/970/854
f 648/970/854 679/1019/896 649/978/862
f 649/978/862 680/1020/897 650/982/866
f 650/982/866 999/1021/841 998/987/819
f 645/1002/883 681/1022/898 678/1018/895
f 678/1018/895 682/1023/899 679/1019/896
f 679/1019/896 683/1024/900 680/1020/897
f 680/1020/897 1000/1025/842 999/1021/841
f 646/1004/885 684/1026/901 681/1022/898
f 681/1022/898 685/1027/902 682/1023/899
f 682/1023/899 686/1028/903 683/1024/900
f 683/1024/900 1001/1029/843 1000/1025/842
f 647/1006/887 929/1030/747 684/1026/901
f 684/1026/901 930/1031/752 685/1027/902
f 685/1027/902 931/1032/757 686/1028/903
f 686/1028/903 1022/1033/844 1001/1029/843
f 697/1034/904 688/1035/905 687/1036/906
f 700/1037/907 689/1038/908 688/1035/905
f 701/1039/909 690/1040/910 689/1038/908
f 702/1041/911 907/1042/144 690/1040/910
f 698/1043/912 700/1037/907 697/1034/904
f 703/1044/913 701/1039/909 700/1037/907
f 704/1045/914 702/1041/911 701/1039/909
f 705/1046/915 908/1047/98 702/1041/911
f 699/1048/916 703/1044/913 698/1043/912
f 706/1049/917 704/1045/914 703/1044/913
f 707/1050/918 705/1046/915 704/1045/914
f 708/1051/919 909/1052/99 705/1046/915
f 914/1053/617 706/1049/917 699/1048/916
f 913/1054/621 707/1050/918 706/1049/917
f 912/1055/620 708/1051/919 707/1050/918
f 911/1056/625 910/1057/100 708/1051/919
f 688/1035/905 691/1058/920 687/1036/906
f 709/1059/921 692/1060/922 691/1058/920
f 710/1061/923 693/1062/924 692/1060/922
f 711/1063/925 1005/1064/926 693/1062/924
f 689/1038/908 709/1059/921 688/1035/905
f 712/1065/927 710/1061/923 709/1059/921
f 713/1066/928 711/1063/925 710/1061/923
f 714/1067/929 1004/1068/930 711/1063/925
f 690/1040/910 712/1065/927 689/1038/908
f 715/1069/931 713/1066/928 712/1065/927
f 716/1070/932 714/1067/929 713/1066/928
f 717/1071/933 1003/1072/934 714/1067/929
f 907/1042/144 715/1069/931 690/1040/910
f 906/1073/143 716/1070/932 715/1069/931
f 905/1074/149 717/1071/933 716/1070/932
f 904/1075/153 1002/1076/935 717/1071/933
f 687/1036/906 718/1077/936 694/1078/937
f 694/1078/937 719/1079/938 695/1080/939
f 695/1080/939 720/1081/940 696/1082/941
f 696/1082/941 955/1083/714 956/1084/689
f 691/1058/920 721/1085/942 718/1077/936
f 718/1077/936 722/1086/943 719/1079/938
f 719/1079/938 723/1087/944 720/1081/940
f 720/1081/940 954/1088/715 955/1083/714
f 692/1060/922 724/1089/945 721/1085/942
f 721/1085/942 725/1090/946 722/1086/943
f 722/1086/943 726/1091/947 723/1087/944
f 723/1087/944 953/1092/716 954/1088/715
f 693/1062/924 1006/1093/948 724/1089/945
f 724/1089/945 1007/1094/949 725/1090/946
f 725/1090/946 1008/1095/950 726/1091/947
f 726/1091/947 1026/1096/951 953/1092/716
f 687/1036/906 727/1097/952 697/1034/904
f 697/1034/904 728/1098/953 698/1043/912
f 698/1043/912 729/1099/954 699/1048/916
f 699/1048/916 915/1100/643 914/1053/617
f 694/1078/937 730/1101/955 727/1097/952
f 727/1097/952 731/1102/956 728/1098/953
f 728/1098/953 732/1103/957 729/1099/954
f 729/1099/954 916/1104/644 915/1100/643
f 695/1080/939 733/1105/958 730/1101/955
f 730/1101/955 734/1106/959 731/1102/956
f 731/1102/956 735/1107/960 732/1103/957
f 732/1103/957 917/1108/645 916/1104/644
f 696/1082/941 957/1109/693 733/1105/958
f 733/1105/958 958/1110/697 734/1106/959
f 734/1106/959 959/1111/698 735/1107/960
f 735/1107/960 1023/1112/646 917/1108/645
f 746/1113/961 737/1114/962 736/1115/963
f 749/1116/964 738/1117/965 737/1114/962
f 750/1118/966 739/1119/967 738/1117/965
f 739/1119/967 880/1120/429 879/1121/410
f 747/1122/968 749/1116/964 746/1113/961
f 749/1116/964 753/1123/969 750/1118/966
f 750/1118/966 754/1124/970 751/1125/971
f 751/1125/971 881/1126/430 880/1120/429
f 748/1127/972 752/1128/973 747/1122/968
f 752/1128/973 756/1129/974 753/1123/969
f 753/1123/969 757/1130/975 754/1124/970
f 754/1124/970 882/1131/431 881/1126/430
f 748/1127/972 1004/1132/930 755/1133/976
f 755/1133/976 1003/1134/934 756/1129/974
f 756/1129/974 1002/1135/935 757/1130/975
f 757/1130/975 1019/1136/157 882/1131/431
f 736/1115/963 758/1137/977 740/1138/978
f 740/1138/978 759/1139/979 741/1140/980
f 741/1140/980 760/1141/981 742/1142/982
f 760/1141/981 991/554/478 742/1142/982
f 737/1114/962 761/1143/983 758/1137/977
f 758/1137/977 762/1144/984 759/1139/979
f 759/1139/979 763/1145/985 760/1141/981
f 763/1145/985 992/556/480 760/1141/981
f 738/1117/965 764/1146/986 761/1143/983
f 761/1143/983 765/1147/987 762/1144/984
f 762/1144/984 766/1148/988 763/1145/985
f 766/1148/988 993/557/481 763/1145/985
f 879/1121/410 764/1146/986 739/1119/967
f 878/1149/409 765/1147/987 764/1146/986
f 877/1150/411 766/1148/988 765/1147/987
f 876/1151/412 994/558/482 766/1148/988
f 740/1138/978 743/1152/989 736/1115/963
f 767/1153/990 744/1154/991 743/1152/989
f 768/1155/992 745/1156/993 744/1154/991
f 769/1157/994 949/1158/705 745/1156/993
f 741/1140/980 767/1153/990 740/1138/978
f 770/1159/995 768/1155/992 767/1153/990
f 771/1160/996 769/1157/994 768/1155/992
f 772/1161/997 948/1162/730 769/1157/994
f 742/1142/982 770/1159/995 741/1140/980
f 773/1163/998 771/1160/996 770/1159/995
f 774/1164/999 772/1161/997 771/1160/996
f 775/1165/1000 947/1166/731 772/1161/997
f 742/1142/982 990/602/522 773/1163/998
f 773/1163/998 989/606/526 774/1164/999
f 989/606/526 775/1165/1000 774/1164/999
f 988/614/534 946/1167/732 775/1165/1000
f 736/1115/963 776/1168/1001 746/1113/961
f 746/1113/961 777/1169/1002 747/1122/968
f 747/1122/968 778/1170/1003 748/1127/972
f 748/1127/972 1006/1171/948 1005/1172/926
f 743/1152/989 779/1173/1004 776/1168/1001
f 776/1168/1001 780/1174/1005 777/1169/1002
f 777/1169/1002 781/1175/1006 778/1170/1003
f 778/1170/1003 1007/1176/949 1006/1171/948
f 744/1154/991 782/1177/1007 779/1173/1004
f 779/1173/1004 783/1178/1008 780/1174/1005
f 780/1174/1005 784/1179/1009 781/1175/1006
f 781/1175/1006 1008/1180/950 1007/1176/949
f 745/1156/993 950/1181/709 782/1177/1007
f 782/1177/1007 951/1182/713 783/1178/1008
f 783/1178/1008 952/1183/717 784/1179/1009
f 784/1179/1009 1026/1184/951 1008/1180/950
f 11/1/1 14/11/11 2/2/2
f 2/2/2 14/11/11 15/4/4
f 3/5/5 15/4/4 16/6/6
f 4/7/7 16/6/6 787/8/8
f 11/1/1 12/14/14 17/10/10
f 17/10/10 18/17/17 15/4/4
f 15/4/4 18/17/17 19/12/12
f 16/6/6 19/12/12 786/13/13
f 12/14/14 13/19/19 20/15/15
f 17/10/10 20/15/15 21/16/16
f 21/16/16 22/18/18 19/12/12
f 22/18/18 785/23/23 786/13/13
f 13/19/19 795/65/65 794/20/20
f 20/15/15 794/20/20 793/21/21
f 793/21/21 792/22/22 22/18/18
f 792/22/22 1009/1185/178 785/23/23
f 1/3/3 2/2/2 23/24/24
f 5/25/25 23/24/24 24/26/26
f 24/26/26 25/29/29 7/28/28
f 25/29/29 808/34/34 809/30/30
f 3/5/5 26/31/31 23/24/24
f 26/31/31 27/32/32 24/26/26
f 27/32/32 28/33/33 25/29/29
f 28/33/33 807/38/38 808/34/34
f 4/7/7 29/35/35 26/31/31
f 29/35/35 30/36/36 27/32/32
f 30/36/36 31/37/37 28/33/33
f 31/37/37 806/42/42 807/38/38
f 788/9/9 789/39/39 29/35/35
f 789/39/39 790/40/40 30/36/36
f 790/40/40 791/41/41 31/37/37
f 791/41/41 1010/1186/230 806/42/42
f 5/25/25 32/44/44 8/43/43
f 32/44/44 33/46/46 9/45/45
f 33/46/46 34/48/48 10/47/47
f 34/48/48 822/53/53 823/49/49
f 6/27/27 35/50/50 32/44/44
f 35/50/50 36/51/51 33/46/46
f 36/51/51 37/52/52 34/48/48
f 37/52/52 821/57/57 822/53/53
f 7/28/28 38/54/54 35/50/50
f 38/54/54 39/55/55 36/51/51
f 39/55/55 40/56/56 37/52/52
f 40/56/56 820/61/61 821/57/57
f 809/30/30 810/58/58 38/54/54
f 810/58/58 811/59/59 39/55/55
f 811/59/59 812/60/60 40/56/56
f 812/60/60 1011/1187/294 820/61/61
f 1/3/3 8/43/43 41/62/62
f 41/62/62 42/63/63 12/14/14
f 42/63/63 43/64/64 13/19/19
f 43/64/64 796/69/69 795/65/65
f 8/43/43 9/45/45 44/66/66
f 44/66/66 45/67/67 42/63/63
f 45/67/67 46/68/68 43/64/64
f 46/68/68 797/73/73 796/69/69
f 10/47/47 47/70/70 44/66/66
f 47/70/70 48/71/71 45/67/67
f 48/71/71 49/72/72 46/68/68
f 49/72/72 798/77/77 797/73/73
f 823/49/49 824/74/74 47/70/70
f 824/74/74 825/75/75 48/71/71
f 825/75/75 826/76/76 49/72/72
f 826/76/76 1012/1188/351 798/77/77
f 50/78/78 60/87/87 63/79/79
f 51/80/80 63/79/79 64/81/81
f 52/82/82 64/81/81 65/83/83
f 53/84/84 65/83/83 866/85/85
f 60/87/87 61/92/92 66/88/88
f 63/79/79 66/88/88 67/89/89
f 64/81/81 67/89/89 68/90/90
f 65/83/83 68/90/90 867/91/91
f 61/92/92 62/97/97 69/93/93
f 66/88/88 69/93/93 70/94/94
f 67/89/89 70/94/94 71/95/95
f 68/90/90 71/95/95 868/96/96
f 62/97/97 907/144/144 908/98/98
f 69/93/93 908/98/98 909/99/99
f 70/94/94 909/99/99 910/100/100
f 71/95/95 910/100/100 1016/101/101
f 51/80/80 72/103/103 54/102/102
f 72/103/103 73/105/105 55/104/104
f 73/105/105 74/107/107 56/106/106
f 74/107/107 899/112/112 900/108/108
f 52/82/82 75/109/109 72/103/103
f 75/109/109 76/110/110 73/105/105
f 76/110/110 77/111/111 74/107/107
f 77/111/111 898/116/116 899/112/112
f 53/84/84 78/113/113 75/109/109
f 78/113/113 79/114/114 76/110/110
f 79/114/114 80/119/119 77/111/111
f 77/111/111 80/119/119 897/115/115
f 865/86/86 864/117/117 78/113/113
f 864/117/117 863/118/118 79/114/114
f 863/118/118 862/1189/322 80/119/119
f 80/119/119 862/1189/322 1015/120/120
f 50/78/78 54/102/102 81/121/121
f 57/122/122 81/121/121 82/123/123
f 82/123/123 83/126/126 59/125/125
f 83/126/126 892/131/131 893/127/127
f 54/102/102 55/104/104 84/128/128
f 81/121/121 84/128/128 85/129/129
f 82/123/123 85/129/129 86/130/130
f 86/130/130 891/135/135 892/131/131
f 55/104/104 56/106/106 87/132/132
f 84/128/128 87/132/132 88/133/133
f 85/129/129 88/133/133 89/134/134
f 89/134/134 890/140/140 891/135/135
f 56/106/106 900/108/108 901/136/136
f 87/132/132 901/136/136 902/137/137
f 88/133/133 902/137/137 903/138/138
f 89/134/134 903/138/138 1020/139/139
f 57/122/122 90/146/146 60/87/87
f 60/87/87 90/146/146 91/141/141
f 61/92/92 91/141/141 92/142/142
f 62/97/97 92/142/142 906/143/143
f 57/122/122 58/124/124 93/145/145
f 90/146/146 93/145/145 94/147/147
f 91/141/141 94/147/147 95/148/148
f 92/142/142 95/148/148 905/149/149
f 58/124/124 59/125/125 96/150/150
f 93/145/145 96/150/150 97/151/151
f 94/147/147 97/151/151 98/152/152
f 95/148/148 98/152/152 904/153/153
f 59/125/125 893/127/127 894/154/154
f 96/150/150 894/154/154 895/155/155
f 97/151/151 895/155/155 896/156/156
f 98/152/152 896/156/156 1019/157/157
f 109/158/158 112/161/161 100/159/159
f 112/161/161 113/163/163 101/162/162
f 113/163/163 114/165/165 102/164/164
f 114/165/165 801/171/171 802/166/166
f 110/167/167 115/168/168 112/161/161
f 115/168/168 116/169/169 113/163/163
f 116/169/169 117/170/170 114/165/165
f 117/170/170 800/176/176 801/171/171
f 111/172/172 118/173/173 115/168/168
f 118/173/173 119/179/177 116/169/169
f 116/169/169 119/179/177 120/174/174
f 117/170/170 120/174/174 799/175/175
f 788/177/9 787/178/8 118/173/173
f 787/178/8 786/1190/13 119/179/177
f 119/179/177 786/1190/13 785/180/23
f 120/174/174 785/180/23 1009/181/178
f 99/160/160 100/159/159 121/182/179
f 103/183/180 121/182/179 122/184/181
f 104/185/182 122/184/181 123/186/183
f 105/187/184 123/186/183 843/188/185
f 100/159/159 101/162/162 124/190/187
f 121/182/179 124/190/187 125/191/188
f 122/184/181 125/191/188 126/192/189
f 123/186/183 126/192/189 842/193/190
f 101/162/162 102/164/164 127/194/191
f 124/190/187 127/194/191 128/195/192
f 125/191/188 128/195/192 129/196/193
f 126/192/189 129/196/193 841/197/194
f 102/164/164 802/166/166 803/198/195
f 127/194/191 803/198/195 804/199/196
f 128/195/192 804/199/196 805/200/197
f 129/196/193 805/200/197 1013/201/198
f 103/183/180 130/203/200 106/202/199
f 130/203/200 131/205/202 107/204/201
f 131/205/202 132/207/204 108/206/203
f 132/207/204 817/212/209 816/208/205
f 104/185/182 133/209/206 130/203/200
f 133/209/206 134/214/211 131/205/202
f 131/205/202 134/214/211 135/210/207
f 132/207/204 135/210/207 818/211/208
f 105/187/184 136/213/210 133/209/206
f 136/213/210 137/218/215 134/214/211
f 134/214/211 137/218/215 138/215/212
f 135/210/207 138/215/212 819/216/213
f 844/189/186 845/977/861 136/213/210
f 136/213/210 845/977/861 846/217/214
f 137/218/215 846/217/214 847/219/216
f 138/215/212 847/219/216 1014/220/217
f 99/160/160 106/202/199 139/221/218
f 109/158/158 139/221/218 140/222/219
f 110/167/167 140/222/219 141/223/220
f 111/172/172 141/223/220 789/224/39
f 106/202/199 107/204/201 142/225/221
f 139/221/218 142/225/221 143/226/222
f 140/222/219 143/226/222 144/227/223
f 141/223/220 144/227/223 790/228/40
f 107/204/201 108/206/203 145/229/224
f 142/225/221 145/229/224 146/230/225
f 143/226/222 146/230/225 147/231/226
f 144/227/223 147/231/226 791/232/41
f 108/206/203 816/208/205 815/233/227
f 145/229/224 815/233/227 814/234/228
f 146/230/225 814/234/228 813/235/229
f 147/231/226 813/235/229 1010/236/230
f 148/237/231 158/246/238 161/238/232
f 149/239/233 161/238/232 162/240/234
f 150/241/235 162/240/234 163/242/236
f 151/243/237 163/242/236 815/244/227
f 158/246/238 159/250/242 164/247/239
f 161/238/232 164/247/239 165/248/240
f 162/240/234 165/248/240 166/249/241
f 166/249/241 814/255/228 815/244/227
f 159/250/242 160/256/246 167/251/243
f 164/247/239 167/251/243 168/252/244
f 165/248/240 168/252/244 169/253/245
f 166/249/241 169/253/245 813/254/229
f 160/256/246 809/303/30 808/257/34
f 167/251/243 808/257/34 807/258/38
f 168/252/244 807/258/38 806/259/42
f 169/253/245 806/259/42 1010/260/230
f 149/239/233 170/262/248 152/261/247
f 170/262/248 171/264/250 153/263/249
f 171/264/250 172/266/252 154/265/251
f 172/266/252 857/271/257 858/267/253
f 150/241/235 173/268/254 170/262/248
f 173/268/254 174/269/255 171/264/250
f 174/269/255 175/270/256 172/266/252
f 175/270/256 856/275/261 857/271/257
f 151/243/237 176/272/258 173/268/254
f 176/272/258 177/273/259 174/269/255
f 177/273/259 178/274/260 175/270/256
f 178/274/260 855/279/262 856/275/261
f 816/245/205 817/276/209 176/272/258
f 817/276/209 818/277/208 177/273/259
f 818/277/208 819/278/213 178/274/260
f 819/278/213 1014/1191/217 855/279/262
f 148/237/231 152/261/247 179/280/263
f 179/280/263 180/283/266 156/282/265
f 180/283/266 181/285/268 157/284/267
f 181/285/268 831/290/273 830/286/269
f 152/261/247 153/263/249 182/287/270
f 179/280/263 182/287/270 183/288/271
f 180/283/266 183/288/271 184/289/272
f 184/289/272 832/294/277 831/290/273
f 153/263/249 154/265/251 185/291/274
f 182/287/270 185/291/274 186/292/275
f 183/288/271 186/292/275 187/293/276
f 187/293/276 833/298/281 832/294/277
f 154/265/251 858/267/253 859/295/278
f 185/291/274 859/295/278 860/296/279
f 186/292/275 860/296/279 861/297/280
f 861/297/280 1015/1192/120 833/298/281
f 148/237/231 155/281/264 188/299/282
f 158/246/238 188/299/282 189/300/283
f 159/250/242 189/300/283 190/301/284
f 160/256/246 190/301/284 810/302/58
f 155/281/264 156/282/265 191/304/285
f 188/299/282 191/304/285 192/305/286
f 189/300/283 192/305/286 193/306/287
f 190/301/284 193/306/287 811/307/59
f 156/282/265 157/284/267 194/308/288
f 191/304/285 194/308/288 195/309/289
f 192/305/286 195/309/289 196/310/290
f 193/306/287 196/310/290 812/311/60
f 157/284/267 830/286/269 829/312/291
f 194/308/288 829/312/291 828/313/292
f 195/309/289 828/313/292 827/314/293
f 196/310/290 827/314/293 1011/315/294
f 197/316/295 207/325/302 210/317/296
f 198/318/297 210/317/296 211/319/298
f 199/320/299 211/319/298 212/321/300
f 200/322/301 212/321/300 829/323/291
f 207/325/302 208/330/306 213/326/303
f 210/317/296 213/326/303 214/327/304
f 211/319/298 214/327/304 215/328/305
f 212/321/300 215/328/305 828/329/292
f 208/330/306 209/335/310 216/331/307
f 213/326/303 216/331/307 217/332/308
f 214/327/304 217/332/308 218/333/309
f 215/328/305 218/333/309 827/334/293
f 209/335/310 823/382/49 822/336/53
f 216/331/307 822/336/53 821/337/57
f 217/332/308 821/337/57 820/338/61
f 218/333/309 820/338/61 1011/339/294
f 197/316/295 198/318/297 219/340/311
f 201/341/312 219/340/311 220/342/313
f 202/343/314 220/342/313 221/344/315
f 203/345/316 221/344/315 864/346/117
f 199/320/299 222/351/319 219/340/311
f 219/340/311 222/351/319 223/348/317
f 220/342/313 223/348/317 224/349/318
f 221/344/315 224/349/318 863/350/118
f 200/322/301 225/355/323 222/351/319
f 222/351/319 225/355/323 226/352/320
f 223/348/317 226/352/320 227/353/321
f 224/349/318 227/353/321 862/354/322
f 830/324/269 831/356/273 225/355/323
f 831/356/273 832/357/277 226/352/320
f 832/357/277 833/358/281 227/353/321
f 833/358/281 1015/1193/120 862/354/322
f 201/341/312 228/360/325 204/359/324
f 228/360/325 229/362/327 205/361/326
f 229/362/327 230/364/329 206/363/328
f 230/364/329 838/369/334 837/365/330
f 202/343/314 231/366/331 228/360/325
f 231/366/331 232/367/332 229/362/327
f 232/367/332 233/368/333 230/364/329
f 233/368/333 839/373/338 838/369/334
f 203/345/316 234/370/335 231/366/331
f 234/370/335 235/371/336 232/367/332
f 235/371/336 236/372/337 233/368/333
f 236/372/337 840/377/339 839/373/338
f 865/347/86 866/374/85 234/370/335
f 866/374/85 867/375/91 235/371/336
f 867/375/91 868/376/96 236/372/337
f 868/376/96 1016/1194/101 840/377/339
f 197/316/295 204/359/324 237/378/340
f 207/325/302 237/378/340 238/379/341
f 208/330/306 238/379/341 239/380/342
f 209/335/310 239/380/342 824/381/74
f 204/359/324 205/361/326 240/383/343
f 237/378/340 240/383/343 241/384/344
f 238/379/341 241/384/344 242/385/345
f 239/380/342 242/385/345 825/386/75
f 205/361/326 206/363/328 243/387/346
f 240/383/343 243/387/346 244/388/347
f 241/384/344 244/388/347 245/389/348
f 242/385/345 245/389/348 826/390/76
f 206/363/328 837/365/330 836/391/349
f 836/391/349 835/1195/392 244/388/347
f 244/388/347 835/1195/392 834/392/350
f 245/389/348 834/392/350 1012/393/351
f 246/394/352 256/401/359 259/395/353
f 247/396/354 259/395/353 260/397/355
f 248/398/356 260/397/355 261/399/357
f 249/400/358 261/399/357 803/198/195
f 256/401/359 257/405/363 262/402/360
f 259/395/353 262/402/360 263/403/361
f 260/397/355 263/403/361 264/404/362
f 261/399/357 264/404/362 804/199/196
f 257/405/363 258/409/367 265/406/364
f 262/402/360 265/406/364 266/407/365
f 263/403/361 266/407/365 267/408/366
f 264/404/362 267/408/366 805/200/197
f 258/409/367 851/452/399 850/410/368
f 265/406/364 850/410/368 849/411/369
f 266/407/365 849/411/369 848/412/370
f 267/408/366 848/412/370 1013/201/198
f 247/396/354 268/414/372 250/413/371
f 268/414/372 269/416/374 251/415/373
f 269/416/374 270/418/376 252/417/375
f 270/418/376 794/423/20 795/419/65
f 248/398/356 271/420/377 268/414/372
f 271/420/377 272/421/378 269/416/374
f 272/421/378 273/422/379 270/418/376
f 273/422/379 793/427/21 794/423/20
f 249/400/358 274/424/380 271/420/377
f 274/424/380 275/428/382 272/421/378
f 272/421/378 275/428/382 276/425/381
f 273/422/379 276/425/381 792/426/22
f 802/166/166 801/171/171 274/424/380
f 801/171/171 800/176/176 275/428/382
f 275/428/382 800/176/176 799/175/175
f 276/425/381 799/175/175 1009/181/178
f 246/394/352 250/413/371 277/429/383
f 253/430/384 277/429/383 278/431/385
f 254/432/386 278/431/385 279/433/387
f 255/434/388 279/433/387 836/435/349
f 250/413/371 251/415/373 280/437/389
f 277/429/383 280/437/389 281/438/390
f 278/431/385 281/438/390 282/439/391
f 279/433/387 282/439/391 835/440/392
f 251/415/373 252/417/375 283/441/393
f 280/437/389 283/441/393 284/442/394
f 281/438/390 284/442/394 285/443/395
f 282/439/391 285/443/395 834/444/350
f 252/417/375 795/419/65 796/445/69
f 283/441/393 796/445/69 797/446/73
f 284/442/394 797/446/73 798/447/77
f 285/443/395 798/447/77 1012/448/351
f 253/430/384 286/449/396 256/401/359
f 286/449/396 287/450/397 257/405/363
f 287/450/397 288/451/398 258/409/367
f 288/451/398 852/456/403 851/452/399
f 254/432/386 289/453/400 286/449/396
f 289/453/400 290/454/401 287/450/397
f 290/454/401 291/459/406 288/451/398
f 288/451/398 291/459/406 853/455/402
f 255/434/388 292/461/408 289/453/400
f 289/453/400 292/461/408 293/457/404
f 290/454/401 293/457/404 294/458/405
f 291/459/406 294/458/405 854/460/407
f 837/436/330 838/1196/334 292/461/408
f 292/461/408 838/1196/334 839/462/338
f 293/457/404 839/462/338 840/463/339
f 294/458/405 840/463/339 1016/464/101
f 295/465/139 305/474/139 308/466/139
f 296/467/139 308/466/139 309/468/139
f 297/469/139 309/468/139 310/470/139
f 298/471/139 310/470/139 878/472/409
f 305/474/139 306/479/139 311/475/139
f 308/466/139 311/475/139 312/476/139
f 309/468/139 312/476/139 313/477/139
f 310/470/139 313/477/139 877/478/411
f 306/479/139 307/484/139 314/480/139
f 311/475/139 314/480/139 315/481/139
f 312/476/139 315/481/139 316/482/139
f 313/477/139 316/482/139 876/483/412
f 307/484/139 872/523/450 871/485/413
f 314/480/139 871/485/413 870/486/414
f 315/481/139 870/486/414 869/487/415
f 316/482/139 869/487/415 1017/488/416
f 296/467/139 317/490/418 299/489/417
f 317/490/418 318/492/420 300/491/419
f 318/492/420 319/494/422 301/493/421
f 319/494/422 894/154/154 893/127/127
f 297/469/139 320/495/423 317/490/418
f 320/495/423 321/496/424 318/492/420
f 321/496/424 322/497/425 319/494/422
f 322/497/425 895/155/155 894/154/154
f 298/471/139 323/498/426 320/495/423
f 323/498/426 324/499/427 321/496/424
f 324/499/427 325/500/428 322/497/425
f 325/500/428 896/156/156 895/155/155
f 879/473/410 880/501/429 323/498/426
f 880/501/429 881/502/430 324/499/427
f 881/502/430 882/503/431 325/500/428
f 882/503/431 1019/157/157 896/156/156
f 295/465/139 299/489/417 326/504/432
f 302/505/433 326/504/432 327/506/434
f 303/507/435 327/506/434 328/508/436
f 304/509/437 328/508/436 887/510/438
f 299/489/417 300/491/419 329/512/440
f 326/504/432 329/512/440 330/513/139
f 327/506/434 330/513/139 331/514/441
f 328/508/436 331/514/441 888/515/442
f 300/491/419 301/493/421 332/516/443
f 329/512/440 332/516/443 333/517/444
f 330/513/139 333/517/444 334/518/445
f 331/514/441 334/518/445 889/519/446
f 301/493/421 893/127/127 892/131/131
f 332/516/443 892/131/131 891/135/135
f 333/517/444 891/135/135 890/140/140
f 334/518/445 890/140/140 1020/139/139
f 302/505/433 335/520/447 305/474/139
f 335/520/447 336/521/448 306/479/139
f 336/521/448 337/522/449 307/484/139
f 337/522/449 873/527/454 872/523/450
f 303/507/435 338/524/451 335/520/447
f 338/524/451 339/525/452 336/521/448
f 339/525/452 340/526/453 337/522/449
f 340/526/453 874/531/458 873/527/454
f 304/509/437 341/528/455 338/524/451
f 341/528/455 342/529/456 339/525/452
f 342/529/456 343/530/457 340/526/453
f 343/530/457 875/535/462 874/531/458
f 886/511/439 885/532/459 341/528/455
f 885/532/459 884/533/460 342/529/456
f 884/533/460 883/534/461 343/530/457
f 883/534/461 1018/670/499 875/535/462
f 344/536/463 354/544/470 357/537/464
f 345/538/465 357/537/464 358/539/466
f 346/540/467 358/539/466 359/541/468
f 359/541/468 871/548/413 872/543/450
f 354/544/470 355/549/474 360/545/471
f 357/537/464 360/545/471 361/546/472
f 358/539/466 361/546/472 362/547/473
f 362/547/473 870/553/414 871/548/413
f 355/549/474 356/555/479 363/550/475
f 360/545/471 363/550/475 364/551/476
f 361/546/472 364/551/476 365/552/477
f 365/552/477 869/559/415 870/553/414
f 991/554/478 992/556/480 363/550/475
f 992/556/480 993/557/481 364/551/476
f 993/557/481 994/558/482 365/552/477
f 994/558/482 1017/1197/416 869/559/415
f 345/538/465 366/561/484 348/560/483
f 366/561/484 367/563/486 349/562/485
f 367/563/486 368/569/492 350/564/487
f 350/564/487 368/569/492 983/565/488
f 346/540/467 369/571/494 366/561/484
f 366/561/484 369/571/494 370/567/490
f 367/563/486 370/567/490 371/568/491
f 368/569/492 371/568/491 982/570/493
f 347/542/469 372/576/498 369/571/494
f 369/571/494 372/576/498 373/572/495
f 370/567/490 373/572/495 374/573/496
f 371/568/491 374/573/496 981/574/497
f 347/542/469 872/543/450 873/575/454
f 372/576/498 873/575/454 874/577/458
f 373/572/495 874/577/458 875/578/462
f 374/573/496 875/578/462 1018/579/499
f 344/536/463 348/560/483 375/580/500
f 351/581/501 375/580/500 376/582/502
f 352/583/503 376/582/502 377/584/504
f 353/585/505 377/584/504 943/586/506
f 348/560/483 349/562/485 378/588/508
f 375/580/500 378/588/508 379/589/509
f 376/582/502 379/589/509 380/590/510
f 377/584/504 380/590/510 944/591/511
f 349/562/485 350/564/487 381/592/512
f 378/588/508 381/592/512 382/593/513
f 379/589/509 382/593/513 383/594/514
f 380/590/510 383/594/514 945/595/515
f 350/564/487 984/566/489 985/596/516
f 381/592/512 985/596/516 986/597/517
f 382/593/513 986/597/517 987/598/518
f 383/594/514 987/598/518 1025/599/519
f 351/581/501 384/600/520 354/544/470
f 384/600/520 385/601/521 355/549/474
f 385/601/521 386/605/525 356/555/479
f 356/555/479 386/605/525 990/602/522
f 352/583/503 387/603/523 384/600/520
f 387/603/523 388/604/524 385/601/521
f 388/604/524 389/609/529 386/605/525
f 386/605/525 389/609/529 989/606/526
f 353/585/505 390/607/527 387/603/523
f 390/607/527 391/608/528 388/604/524
f 391/608/528 392/610/530 389/609/529
f 392/610/530 988/614/534 989/606/526
f 942/587/507 941/611/531 390/607/527
f 941/611/531 940/612/532 391/608/528
f 940/612/532 939/613/533 392/610/530
f 939/613/533 1024/1198/733 988/614/534
f 403/615/535 406/618/538 394/616/536
f 406/618/538 407/620/540 395/619/539
f 407/620/540 408/622/542 396/621/541
f 408/622/542 859/628/278 858/623/253
f 404/624/543 409/625/544 406/618/538
f 409/625/544 410/626/545 407/620/540
f 410/626/545 411/627/546 408/622/542
f 411/627/546 860/633/279 859/628/278
f 405/629/547 412/630/548 409/625/544
f 412/630/548 413/631/549 410/626/545
f 413/631/549 414/632/550 411/627/546
f 414/632/550 861/634/280 860/633/279
f 900/108/108 899/112/112 412/630/548
f 899/112/112 898/116/116 413/631/549
f 413/631/549 898/116/116 897/115/115
f 414/632/550 897/115/115 1015/120/120
f 393/617/537 394/616/536 415/635/551
f 397/636/552 415/635/551 416/637/553
f 398/638/554 416/637/553 417/639/555
f 399/640/556 417/639/555 920/641/557
f 394/616/536 395/619/539 418/643/559
f 415/635/551 418/643/559 419/644/560
f 416/637/553 419/644/560 420/645/561
f 417/639/555 420/645/561 919/646/562
f 395/619/539 396/621/541 421/647/563
f 418/643/559 421/647/563 422/648/564
f 419/644/560 422/648/564 423/649/565
f 420/645/561 423/649/565 918/650/566
f 396/621/541 858/623/253 857/651/257
f 421/647/563 857/651/257 856/652/261
f 422/648/564 856/652/261 855/653/262
f 423/649/565 855/653/262 1014/654/217
f 397/636/552 424/661/573 400/655/567
f 400/655/567 424/661/573 425/656/568
f 401/657/569 425/656/568 426/658/570
f 402/659/571 426/658/570 885/532/459
f 397/636/552 398/638/554 427/660/572
f 424/661/573 427/660/572 428/662/574
f 425/656/568 428/662/574 429/663/575
f 426/658/570 429/663/575 884/533/460
f 398/638/554 399/640/556 430/664/576
f 427/660/572 430/664/576 431/665/577
f 428/662/574 431/665/577 432/666/578
f 429/663/575 432/666/578 883/534/461
f 399/640/556 921/642/558 922/667/579
f 430/664/576 922/667/579 923/668/580
f 431/665/577 923/668/580 924/669/581
f 432/666/578 924/669/581 1018/670/499
f 393/617/537 400/655/567 433/671/582
f 403/615/535 433/671/582 434/672/583
f 404/624/543 434/672/583 435/673/584
f 405/629/547 435/673/584 901/136/136
f 400/655/567 401/657/569 436/674/585
f 433/671/582 436/674/585 437/675/586
f 434/672/583 437/675/586 438/676/587
f 435/673/584 438/676/587 902/137/137
f 402/659/571 439/679/590 436/674/585
f 436/674/585 439/679/590 440/677/588
f 437/675/586 440/677/588 441/678/589
f 438/676/587 441/678/589 903/138/138
f 886/511/439 887/510/438 439/679/590
f 887/510/438 888/515/442 440/677/588
f 888/515/442 889/519/446 441/678/589
f 441/678/589 889/519/446 1020/139/139
f 442/680/591 452/688/599 455/681/592
f 455/681/592 456/684/595 444/683/594
f 456/684/595 457/686/597 445/685/596
f 457/686/597 850/410/368 851/452/399
f 453/687/598 458/689/600 455/681/592
f 458/689/600 459/690/601 456/684/595
f 459/690/601 460/691/602 457/686/597
f 460/691/602 849/411/369 850/410/368
f 454/692/603 461/693/604 458/689/600
f 461/693/604 462/694/605 459/690/601
f 462/694/605 463/695/606 460/691/602
f 463/695/606 848/412/370 849/411/369
f 977/696/607 978/697/608 461/693/604
f 978/697/608 979/698/609 462/694/605
f 979/698/609 980/699/610 463/695/606
f 980/699/610 1013/201/198 848/412/370
f 443/682/593 464/701/612 446/700/611
f 464/701/612 465/703/614 447/702/613
f 465/703/614 466/705/616 448/704/615
f 466/705/616 913/710/621 914/706/617
f 443/682/593 444/683/594 467/707/618
f 467/707/618 468/708/619 465/703/614
f 468/708/619 469/713/624 466/705/616
f 466/705/616 469/713/624 912/709/620
f 444/683/594 445/685/596 470/711/622
f 467/707/618 470/711/622 471/712/623
f 471/712/623 472/715/626 469/713/624
f 469/713/624 472/715/626 911/714/625
f 445/685/596 851/452/399 852/456/403
f 852/456/403 853/455/402 471/712/623
f 853/455/402 854/460/407 472/715/626
f 854/460/407 1016/464/101 911/714/625
f 442/680/591 446/700/611 473/716/627
f 449/717/628 473/716/627 474/718/629
f 450/719/630 474/718/629 475/720/631
f 451/721/632 475/720/631 936/722/633
f 446/700/611 447/702/613 476/724/635
f 473/716/627 476/724/635 477/725/636
f 474/718/629 477/725/636 478/726/637
f 475/720/631 478/726/637 937/727/638
f 447/702/613 448/704/615 479/728/639
f 476/724/635 479/728/639 480/729/640
f 477/725/636 480/729/640 481/730/641
f 478/726/637 481/730/641 938/731/642
f 448/704/615 914/706/617 915/732/643
f 479/728/639 915/732/643 916/733/644
f 480/729/640 916/733/644 917/734/645
f 481/730/641 917/734/645 1023/735/646
f 449/717/628 482/736/647 452/688/599
f 482/736/647 483/740/651 453/687/598
f 453/687/598 483/740/651 484/737/648
f 454/692/603 484/737/648 976/738/649
f 450/719/630 485/739/650 482/736/647
f 485/739/650 486/741/652 483/740/651
f 486/741/652 487/745/656 484/737/648
f 484/737/648 487/745/656 975/742/653
f 451/721/632 488/743/654 485/739/650
f 488/743/654 489/744/655 486/741/652
f 489/744/655 490/749/660 487/745/656
f 487/745/656 490/749/660 974/746/657
f 935/723/634 934/747/658 488/743/654
f 934/747/658 933/748/659 489/744/655
f 933/748/659 932/1199/677 490/749/660
f 490/749/660 932/1199/677 1021/750/661
f 491/751/662 501/760/669 504/752/663
f 492/753/664 504/752/663 505/754/665
f 493/755/666 505/754/665 506/756/667
f 494/757/668 506/756/667 934/758/658
f 501/760/669 502/765/673 507/761/670
f 504/752/663 507/761/670 508/762/671
f 505/754/665 508/762/671 509/763/672
f 506/756/667 509/763/672 933/764/659
f 502/765/673 503/771/679 510/766/674
f 507/761/670 510/766/674 511/767/675
f 508/762/671 511/767/675 512/768/676
f 509/763/672 512/768/676 932/769/677
f 963/770/678 964/772/680 510/766/674
f 964/772/680 965/773/681 511/767/675
f 965/773/681 966/774/682 512/768/676
f 966/774/682 1021/1200/661 932/769/677
f 492/753/664 513/776/684 495/775/683
f 513/776/684 514/778/686 496/777/685
f 514/778/686 515/780/688 497/779/687
f 515/780/688 957/785/693 956/781/689
f 493/755/666 516/782/690 513/776/684
f 516/782/690 517/783/691 514/778/686
f 517/783/691 518/784/692 515/780/688
f 518/784/692 958/789/697 957/785/693
f 494/757/668 519/786/694 516/782/690
f 519/786/694 520/787/695 517/783/691
f 520/787/695 521/788/696 518/784/692
f 521/788/696 959/793/698 958/789/697
f 935/759/634 936/790/633 519/786/694
f 936/790/633 937/791/638 520/787/695
f 937/791/638 938/792/642 521/788/696
f 938/792/642 1023/1201/646 959/793/698
f 495/775/683 522/795/700 498/794/699
f 522/795/700 523/797/702 499/796/701
f 523/797/702 524/799/704 500/798/703
f 524/799/704 950/804/709 949/800/705
f 496/777/685 525/801/706 522/795/700
f 525/801/706 526/802/707 523/797/702
f 526/802/707 527/803/708 524/799/704
f 527/803/708 951/808/713 950/804/709
f 497/779/687 528/805/710 525/801/706
f 528/805/710 529/806/711 526/802/707
f 529/806/711 530/807/712 527/803/708
f 530/807/712 952/812/717 951/808/713
f 956/781/689 955/809/714 528/805/710
f 955/809/714 954/810/715 529/806/711
f 954/810/715 953/811/716 530/807/712
f 953/811/716 1026/1202/951 952/812/717
f 491/751/662 498/794/699 531/813/718
f 501/760/669 531/813/718 532/814/719
f 502/765/673 532/814/719 533/815/720
f 503/771/679 533/815/720 962/816/721
f 498/794/699 499/796/701 534/817/722
f 531/813/718 534/817/722 535/818/723
f 532/814/719 535/818/723 536/819/724
f 533/815/720 536/819/724 961/820/725
f 499/796/701 500/798/703 537/821/726
f 534/817/722 537/821/726 538/822/727
f 535/818/723 538/822/727 539/823/728
f 536/819/724 539/823/728 960/824/729
f 500/798/703 949/800/705 948/825/730
f 537/821/726 948/825/730 947/826/731
f 538/822/727 947/826/731 946/827/732
f 539/823/728 946/827/732 1024/828/733
f 550/829/734 553/832/737 541/830/735
f 553/832/737 554/834/739 542/833/738
f 554/834/739 555/836/741 543/835/740
f 555/836/741 929/842/747 928/837/742
f 551/838/743 556/839/744 553/832/737
f 556/839/744 557/840/745 554/834/739
f 557/840/745 558/841/746 555/836/741
f 558/841/746 930/847/752 929/842/747
f 552/843/748 559/844/749 556/839/744
f 559/844/749 560/845/750 557/840/745
f 560/845/750 561/846/751 558/841/746
f 561/846/751 931/852/757 930/847/752
f 970/848/753 969/849/754 559/844/749
f 969/849/754 968/850/755 560/845/750
f 968/850/755 967/851/756 561/846/751
f 967/851/756 1022/1203/844 931/852/757
f 540/831/736 541/830/735 562/853/758
f 544/854/759 562/853/758 563/855/760
f 545/856/761 563/855/760 564/857/762
f 564/857/762 964/772/680 963/770/678
f 541/830/735 542/833/738 565/859/764
f 562/853/758 565/859/764 566/860/765
f 563/855/760 566/860/765 567/861/766
f 567/861/766 965/773/681 964/772/680
f 542/833/738 543/835/740 568/862/767
f 565/859/764 568/862/767 569/863/768
f 566/860/765 569/863/768 570/864/769
f 570/864/769 966/774/682 965/773/681
f 543/835/740 928/837/742 927/865/770
f 568/862/767 927/865/770 926/866/771
f 569/863/768 926/866/771 925/867/772
f 925/867/772 1021/1200/661 966/774/682
f 540/831/736 544/854/759 571/868/773
f 547/869/774 571/868/773 572/870/775
f 548/871/776 572/870/775 573/872/777
f 549/873/778 573/872/777 941/874/531
f 544/854/759 545/856/761 574/876/779
f 571/868/773 574/876/779 575/877/780
f 572/870/775 575/877/780 576/878/781
f 573/872/777 576/878/781 940/879/532
f 545/856/761 546/858/763 577/880/782
f 574/876/779 577/880/782 578/881/783
f 575/877/780 578/881/783 579/882/784
f 576/878/781 579/882/784 939/883/533
f 546/858/763 963/770/678 962/816/721
f 577/880/782 962/816/721 961/820/725
f 578/881/783 961/820/725 960/824/729
f 579/882/784 960/824/729 1024/828/733
f 547/869/774 580/884/785 550/829/734
f 580/884/785 581/885/786 551/838/743
f 581/885/786 582/886/787 552/843/748
f 582/886/787 971/890/791 970/848/753
f 548/871/776 583/887/788 580/884/785
f 583/887/788 584/888/789 581/885/786
f 584/888/789 585/889/790 582/886/787
f 585/889/790 972/894/795 971/890/791
f 549/873/778 586/891/792 583/887/788
f 586/891/792 587/892/793 584/888/789
f 587/892/793 588/893/794 585/889/790
f 588/893/794 973/898/796 972/894/795
f 942/875/507 943/895/506 586/891/792
f 943/895/506 944/896/511 587/892/793
f 944/896/511 945/897/515 588/893/794
f 945/897/515 1025/1204/519 973/898/796
f 599/899/797 602/902/800 590/900/798
f 602/902/800 603/904/802 591/903/801
f 603/904/802 604/906/804 592/905/803
f 604/906/804 922/912/579 921/907/558
f 600/908/805 605/909/806 602/902/800
f 605/909/806 606/910/807 603/904/802
f 606/910/807 607/911/808 604/906/804
f 607/911/808 923/917/580 922/912/579
f 601/913/809 608/914/810 605/909/806
f 608/914/810 609/915/811 606/910/807
f 609/915/811 610/916/812 607/911/808
f 610/916/812 924/918/581 923/917/580
f 984/566/489 983/565/488 608/914/810
f 983/565/488 982/570/493 609/915/811
f 982/570/493 981/574/497 610/916/812
f 981/574/497 1018/579/499 924/918/581
f 590/900/798 611/920/814 593/919/813
f 611/920/814 612/922/816 594/921/815
f 612/922/816 613/924/818 595/923/817
f 613/924/818 997/929/823 998/925/819
f 591/903/801 614/926/820 611/920/814
f 614/926/820 615/927/821 612/922/816
f 615/927/821 616/928/822 613/924/818
f 616/928/822 996/933/827 997/929/823
f 592/905/803 617/930/824 614/926/820
f 617/930/824 618/931/825 615/927/821
f 618/931/825 619/932/826 616/928/822
f 619/932/826 995/937/828 996/933/827
f 921/907/558 920/934/557 617/930/824
f 920/934/557 919/935/562 618/931/825
f 919/935/562 918/936/566 619/932/826
f 918/936/566 1014/1205/217 995/937/828
f 589/901/799 593/919/813 620/938/829
f 596/939/830 620/938/829 621/940/831
f 597/941/832 621/940/831 622/942/833
f 598/943/834 622/942/833 969/944/754
f 593/919/813 594/921/815 623/946/835
f 620/938/829 623/946/835 624/947/836
f 621/940/831 624/947/836 625/948/837
f 622/942/833 625/948/837 968/949/755
f 594/921/815 595/923/817 626/950/838
f 623/946/835 626/950/838 627/951/839
f 624/947/836 627/951/839 628/952/840
f 625/948/837 628/952/840 967/953/756
f 595/923/817 998/925/819 999/954/841
f 626/950/838 999/954/841 1000/955/842
f 627/951/839 1000/955/842 1001/956/843
f 628/952/840 1001/956/843 1022/957/844
f 589/901/799 596/939/830 629/958/845
f 599/899/797 629/958/845 630/959/846
f 600/908/805 630/959/846 631/960/847
f 601/913/809 631/960/847 985/596/516
f 596/939/830 597/941/832 632/961/848
f 629/958/845 632/961/848 633/962/849
f 630/959/846 633/962/849 634/963/850
f 631/960/847 634/963/850 986/597/517
f 597/941/832 598/943/834 635/964/851
f 632/961/848 635/964/851 636/965/852
f 633/962/849 636/965/852 637/966/853
f 634/963/850 637/966/853 987/598/518
f 598/943/834 970/945/753 971/967/791
f 635/964/851 971/967/791 972/968/795
f 636/965/852 972/968/795 973/969/796
f 637/966/853 973/969/796 1025/599/519
f 648/970/854 651/979/863 639/971/855
f 639/971/855 651/979/863 652/973/857
f 640/974/858 652/973/857 653/975/859
f 641/976/860 653/975/859 845/977/861
f 649/978/862 654/980/864 651/979/863
f 654/980/864 655/984/868 652/973/857
f 652/973/857 655/984/868 656/981/865
f 656/981/865 846/217/214 845/977/861
f 650/982/866 657/983/867 654/980/864
f 657/983/867 658/985/869 655/984/868
f 658/985/869 659/986/870 656/981/865
f 659/986/870 847/219/216 846/217/214
f 998/987/819 997/1206/823 657/983/867
f 657/983/867 997/1206/823 996/988/827
f 658/985/869 996/988/827 995/989/828
f 995/989/828 1014/220/217 847/219/216
f 638/972/856 639/971/855 660/990/871
f 660/990/871 661/993/874 643/992/873
f 661/993/874 662/995/876 644/994/875
f 662/995/876 978/697/608 977/696/607
f 640/974/858 663/996/877 660/990/871
f 663/996/877 664/997/878 661/993/874
f 664/997/878 665/998/879 662/995/876
f 665/998/879 979/698/609 978/697/608
f 641/976/860 666/999/880 663/996/877
f 666/999/880 667/1000/881 664/997/878
f 667/1000/881 668/1001/882 665/998/879
f 668/1001/882 980/699/610 979/698/609
f 844/189/186 843/188/185 666/999/880
f 843/188/185 842/193/190 667/1000/881
f 842/193/190 841/197/194 668/1001/882
f 841/197/194 1013/201/198 980/699/610
f 642/991/872 669/1003/884 645/1002/883
f 669/1003/884 670/1005/886 646/1004/885
f 670/1005/886 671/1007/888 647/1006/887
f 671/1007/888 927/1012/770 928/1008/742
f 643/992/873 672/1009/889 669/1003/884
f 672/1009/889 673/1010/890 670/1005/886
f 673/1010/890 674/1011/891 671/1007/888
f 674/1011/891 926/1016/771 927/1012/770
f 643/992/873 644/994/875 675/1013/892
f 675/1013/892 676/1014/893 673/1010/890
f 676/1014/893 677/1015/894 674/1011/891
f 677/1015/894 925/1017/772 926/1016/771
f 644/994/875 977/696/607 976/738/649
f 675/1013/892 976/738/649 975/742/653
f 676/1014/893 975/742/653 974/746/657
f 677/1015/894 974/746/657 1021/750/661
f 638/972/856 645/1002/883 678/1018/895
f 648/970/854 678/1018/895 679/1019/896
f 649/978/862 679/1019/896 680/1020/897
f 650/982/866 680/1020/897 999/1021/841
f 645/1002/883 646/1004/885 681/1022/898
f 678/1018/895 681/1022/898 682/1023/899
f 679/1019/896 682/1023/899 683/1024/900
f 680/1020/897 683/1024/900 1000/1025/842
f 646/1004/885 647/1006/887 684/1026/901
f 681/1022/898 684/1026/901 685/1027/902
f 682/1023/899 685/1027/902 686/1028/903
f 683/1024/900 686/1028/903 1001/1029/843
f 647/1006/887 928/1008/742 929/1030/747
f 684/1026/901 929/1030/747 930/1031/752
f 685/1027/902 930/1031/752 931/1032/757
f 686/1028/903 931/1032/757 1022/1033/844
f 697/1034/904 700/1037/907 688/1035/905
f 700/1037/907 701/1039/909 689/1038/908
f 701/1039/909 702/1041/911 690/1040/910
f 702/1041/911 908/1047/98 907/1042/144
f 698/1043/912 703/1044/913 700/1037/907
f 703/1044/913 704/1045/914 701/1039/909
f 704/1045/914 705/1046/915 702/1041/911
f 705/1046/915 909/1052/99 908/1047/98
f 699/1048/916 706/1049/917 703/1044/913
f 706/1049/917 707/1050/918 704/1045/914
f 707/1050/918 708/1051/919 705/1046/915
f 708/1051/919 910/1057/100 909/1052/99
f 914/1053/617 913/1054/621 706/1049/917
f 913/1054/621 912/1055/620 707/1050/918
f 912/1055/620 911/1056/625 708/1051/919
f 911/1056/625 1016/1207/101 910/1057/100
f 688/1035/905 709/1059/921 691/1058/920
f 709/1059/921 710/1061/923 692/1060/922
f 710/1061/923 711/1063/925 693/1062/924
f 711/1063/925 1004/1068/930 1005/1064/926
f 689/1038/908 712/1065/927 709/1059/921
f 712/1065/927 713/1066/928 710/1061/923
f 713/1066/928 714/1067/929 711/1063/925
f 714/1067/929 1003/1072/934 1004/1068/930
f 690/1040/910 715/1069/931 712/1065/927
f 715/1069/931 716/1070/932 713/1066/928
f 716/1070/932 717/1071/933 714/1067/929
f 717/1071/933 1002/1076/935 1003/1072/934
f 907/1042/144 906/1073/143 715/1069/931
f 906/1073/143 905/1074/149 716/1070/932
f 905/1074/149 904/1075/153 717/1071/933
f 904/1075/153 1019/1208/157 1002/1076/935
f 687/1036/906 691/1058/920 718/1077/936
f 694/1078/937 718/1077/936 719/1079/938
f 695/1080/939 719/1079/938 720/1081/940
f 696/1082/941 720/1081/940 955/1083/714
f 691/1058/920 692/1060/922 721/1085/942
f 718/1077/936 721/1085/942 722/1086/943
f 719/1079/938 722/1086/943 723/1087/944
f 720/1081/940 723/1087/944 954/1088/715
f 692/1060/922 693/1062/924 724/1089/945
f 721/1085/942 724/1089/945 725/1090/946
f 722/1086/943 725/1090/946 726/1091/947
f 723/1087/944 726/1091/947 953/1092/716
f 693/1062/924 1005/1064/926 1006/1093/948
f 724/1089/945 1006/1093/948 1007/1094/949
f 725/1090/946 1007/1094/949 1008/1095/950
f 726/1091/947 1008/1095/950 1026/1096/951
f 687/1036/906 694/1078/937 727/1097/952
f 697/1034/904 727/1097/952 728/1098/953
f 698/1043/912 728/1098/953 729/1099/954
f 699/1048/916 729/1099/954 915/1100/643
f 694/1078/937 695/1080/939 730/1101/955
f 727/1097/952 730/1101/955 731/1102/956
f 728/1098/953 731/1102/956 732/1103/957
f 729/1099/954 732/1103/957 916/1104/644
f 695/1080/939 696/1082/941 733/1105/958
f 730/1101/955 733/1105/958 734/1106/959
f 731/1102/956 734/1106/959 735/1107/960
f 732/1103/957 735/1107/960 917/1108/645
f 696/1082/941 956/1084/689 957/1109/693
f 733/1105/958 957/1109/693 958/1110/697
f 734/1106/959 958/1110/697 959/1111/698
f 735/1107/960 959/1111/698 1023/1112/646
f 746/1113/961 749/1116/964 737/1114/962
f 749/1116/964 750/1118/966 738/1117/965
f 750/1118/966 751/1125/971 739/1119/967
f 739/1119/967 751/1125/971 880/1120/429
f 747/1122/968 752/1128/973 749/1116/964
f 749/1116/964 752/1128/973 753/1123/969
f 750/1118/966 753/1123/969 754/1124/970
f 751/1125/971 754/1124/970 881/1126/430
f 748/1127/972 755/1133/976 752/1128/973
f 752/1128/973 755/1133/976 756/1129/974
f 753/1123/969 756/1129/974 757/1130/975
f 754/1124/970 757/1130/975 882/1131/431
f 748/1127/972 1005/1172/926 1004/1132/930
f 755/1133/976 1004/1132/930 1003/1134/934
f 756/1129/974 1003/1134/934 1002/1135/935
f 757/1130/975 1002/1135/935 1019/1136/157
f 736/1115/963 737/1114/962 758/1137/977
f 740/1138/978 758/1137/977 759/1139/979
f 741/1140/980 759/1139/979 760/1141/981
f 760/1141/981 992/556/480 991/554/478
f 737/1114/962 738/1117/965 761/1143/983
f 758/1137/977 761/1143/983 762/1144/984
f 759/1139/979 762/1144/984 763/1145/985
f 763/1145/985 993/557/481 992/556/480
f 738/1117/965 739/1119/967 764/1146/986
f 761/1143/983 764/1146/986 765/1147/987
f 762/1144/984 765/1147/987 766/1148/988
f 766/1148/988 994/558/482 993/557/481
f 879/1121/410 878/1149/409 764/1146/986
f 878/1149/409 877/1150/411 765/1147/987
f 877/1150/411 876/1151/412 766/1148/988
f 876/1151/412 1017/1197/416 994/558/482
f 740/1138/978 767/1153/990 743/1152/989
f 767/1153/990 768/1155/992 744/1154/991
f 768/1155/992 769/1157/994 745/1156/993
f 769/1157/994 948/1162/730 949/1158/705
f 741/1140/980 770/1159/995 767/1153/990
f 770/1159/995 771/1160/996 768/1155/992
f 771/1160/996 772/1161/997 769/1157/994
f 772/1161/997 947/1166/731 948/1162/730
f 742/1142/982 773/1163/998 770/1159/995
f 773/1163/998 774/1164/999 771/1160/996
f 774/1164/999 775/1165/1000 772/1161/997
f 775/1165/1000 946/1167/732 947/1166/731
f 742/1142/982 991/554/478 990/602/522
f 773/1163/998 990/602/522 989/606/526
f 989/606/526 988/614/534 775/1165/1000
f 988/614/534 1024/1198/733 946/1167/732
f 736/1115/963 743/1152/989 776/1168/1001
f 746/1113/961 776/1168/1001 777/1169/1002
f 747/1122/968 777/1169/1002 778/1170/1003
f 748/1127/972 778/1170/1003 1006/1171/948
f 743/1152/989 744/1154/991 779/1173/1004
f 776/1168/1001 779/1173/1004 780/1174/1005
f 777/1169/1002 780/1174/1005 781/1175/1006
f 778/1170/1003 781/1175/1006 1007/1176/949
f 744/1154/991 745/1156/993 782/1177/1007
f 779/1173/1004 782/1177/1007 783/1178/1008
f 780/1174/1005 783/1178/1008 784/1179/1009
f 781/1175/1006 784/1179/1009 1008/1180/950
f 745/1156/993 949/1158/705 950/1181/709
f 782/1177/1007 950/1181/709 951/1182/713
f 783/1178/1008 951/1182/713 952/1183/717
f 784/1179/1009 952/1183/717 1026/1184/951
